cwc_station_name,cwc_district,cwc_river,cwc_basin,cwc_latitude,cwc_longitude,cwc_start_date,cwc_end_date,cwc_daily_rows,cwc_missing_pct,cwc_nonzero_pct,station_code,forecast_station_name,forecast_district,forecast_river,forecast_tributary,forecast_latitude,forecast_longitude,linked_comid,streamorder,reach_link_distance_m,cwc_to_forecast_distance_km,name_similarity_score,river_or_basin_match,linkage_score,candidate_rank
Abna at Khandwa,Khandwa,Narmada,Narmada,21.8133,76.3253,2019-06-01,2025-12-01,2371,0.21,22.86,MP1100_Kmnkd,Kamankheda,Khandwa,Narmada,Kaveri,22.165,76.23333333333333,440928077,7,9885.832494857046,40.24,0.4,True,0.5687,1
Abna at Khandwa,Khandwa,Narmada,Narmada,21.8133,76.3253,2019-06-01,2025-12-01,2371,0.21,22.86,MP1100_Bmnla,Bamnalla_Khargone,Khargon,Narmada,Veda,21.834444444444443,75.83583333333333,440976241,7,39820.51257861692,50.58,0.5161,True,0.5525,2
Abna at Khandwa,Khandwa,Narmada,Narmada,21.8133,76.3253,2019-06-01,2025-12-01,2371,0.21,22.86,MP1100_Bhdli,Bhadli,Khargon,Narmada,Veda,21.850833333333327,75.60527777777777,440983121,7,37207.352799811175,74.438,0.381,True,0.3739,3
Abna at Khandwa,Khandwa,Narmada,Narmada,21.8133,76.3253,2019-06-01,2025-12-01,2371,0.21,22.86,MP1100_Brtla,Behratola_Mandla,Mandla,Narmada,Burhner,22.5425,80.87,440962463,6,56038.311650724536,474.912,0.4667,True,0.2633,4
Abna at Khandwa,Khandwa,Narmada,Narmada,21.8133,76.3253,2019-06-01,2025-12-01,2371,0.21,22.86,MP1100_Dgnwa,Doganwa_Khargone,Khargon,Narmada,Veda,22.114722222222223,74.6686111111111,440985878,7,8465.050850924663,174.101,0.4667,True,0.2633,5
BURHANPUR,RAJGARH,Tapi,Tapi,21.29833333,76.23611111,2001-01-01,2025-10-30,7178,20.85,81.21,MP0225_Bishp,Bishanpur,Vidisha,Ganga,Yamuna,24.04611111111111,77.955,441039449,6,18031.983264285434,352.773,0.7778,False,0.2722,1
BURHANPUR,RAJGARH,Tapi,Tapi,21.29833333,76.23611111,2001-01-01,2025-10-30,7178,20.85,81.21,MP1100_Bmnla,Bamnalla_Khargone,Khargon,Narmada,Veda,21.834444444444443,75.83583333333333,440976241,7,39820.51257861692,72.574,0.32,False,0.2628,2
BURHANPUR,RAJGARH,Tapi,Tapi,21.29833333,76.23611111,2001-01-01,2025-10-30,7178,20.85,81.21,MP1001_BLKDN,Balkhedan,Betul,Tapi,Purna,21.4,77.67222222222222,440988608,7,144272.89507037407,149.159,0.4444,True,0.2556,3
BURHANPUR,RAJGARH,Tapi,Tapi,21.29833333,76.23611111,2001-01-01,2025-10-30,7178,20.85,81.21,MP0228_Mohnp,Mohanpur,Ashok Nagar,Ganga,Yamuna,24.829444444444444,78.0797222222222,441109595,6,10657.5390361081,435.575,0.7059,False,0.2471,4
BURHANPUR,RAJGARH,Tapi,Tapi,21.29833333,76.23611111,2001-01-01,2025-10-30,7178,20.85,81.21,MP0611_RTNPR,Ratanpur,Seoni,Godavari,Wainganga,22.18305555555555,79.96027777777778,440962463,6,66462.31729945733,397.02,0.7059,False,0.2471,5
Bakhari,SEONI,Godavari,Godavari,22.32472222,79.46805556,2019-09-26,2025-12-31,1595,30.32,96.55,MP0610_BNDOL,Bandol,Seoni,Godavari,Wainganga,22.23833333333333,79.5286111111111,440956950,6,86149.81216860679,11.45,0.3077,True,0.6947,1
Bakhari,SEONI,Godavari,Godavari,22.32472222,79.46805556,2019-09-26,2025-12-31,1595,30.32,96.55,MP0620_HRKHR,Hirankheri,Chhindwara,Godavari,Wainganga,21.962499999999995,79.1436111111111,440785017,6,83091.14737937962,52.334,0.5882,True,0.568,2
Bakhari,SEONI,Godavari,Godavari,22.32472222,79.46805556,2019-09-26,2025-12-31,1595,30.32,96.55,MP0610_DEGHT,Deoghat,Seoni,Godavari,Wainganga,22.385555555555555,79.81333333333333,440912919,6,53230.80136527721,36.146,0.2857,True,0.5512,3
Bakhari,SEONI,Godavari,Godavari,22.32472222,79.46805556,2019-09-26,2025-12-31,1595,30.32,96.55,MP0611_RTNPR,Ratanpur,Seoni,Godavari,Wainganga,22.18305555555555,79.96027777777778,440962463,6,66462.31729945733,53.049,0.4,True,0.4982,4
Bakhari,SEONI,Godavari,Godavari,22.32472222,79.46805556,2019-09-26,2025-12-31,1595,30.32,96.55,MP0620_PLWRA,Palatwara,Chhindwara,Godavari,Wainganga,22.186111111111117,78.97694444444444,441036748,6,99905.34761386192,52.839,0.375,True,0.4906,5
Bamni,MANDLA,Narmada,Narmada,22.485,80.37638889,2002-01-01,2025-12-31,8119,7.38,74.02,MP1100_Bmhni,Bamhni_Mandla,Mandla,Narmada,Banjar,22.48333333333333,80.36666666666666,440962463,6,12335.25192320282,1.016,0.5882,True,0.8503,1
Bamni,MANDLA,Narmada,Narmada,22.485,80.37638889,2002-01-01,2025-12-31,8119,7.38,74.02,MP1100_Mocha,Mocha_Mandla,Mandla,Narmada,Banjar,22.3,80.46666666666665,440962463,6,36090.38781074412,22.568,0.375,True,0.6571,2
Bamni,MANDLA,Narmada,Narmada,22.485,80.37638889,2002-01-01,2025-12-31,8119,7.38,74.02,MP1100_Tamer,Temar_Jabalpur,Jabalpur,Narmada,Tamer,22.7,80.39166666666667,440932188,6,6856.1959421849615,23.958,0.2222,True,0.596,3
Bamni,MANDLA,Narmada,Narmada,22.485,80.37638889,2002-01-01,2025-12-31,8119,7.38,74.02,MP1100_Ghgri,Ghughari_Mandla,Mandla,Narmada,Burhner,22.67333333333333,80.72055555555553,440962463,6,40562.4483671878,41.076,0.3158,True,0.5346,4
Bamni,MANDLA,Narmada,Narmada,22.485,80.37638889,2002-01-01,2025-12-31,8119,7.38,74.02,MP1100_Halon,Halon_Mandala,Mandla,Narmada,Burhner,22.39888888888888,80.79527777777778,440962463,6,52541.28072218832,44.103,0.3529,True,0.531,5
Barmanghat,NARSIMHAPUR,Narmada,Narmada,23.03055556,79.01583333,2001-01-01,2025-12-31,8944,2.05,100.0,MP1100_Pangr,Panagar_Narsinghpur,Narsimhapur,Narmada,Dudhi,22.835277777777776,78.60333333333334,441043628,6,21128.049975171427,47.497,0.4286,True,0.5388,1
Barmanghat,NARSIMHAPUR,Narmada,Narmada,23.03055556,79.01583333,2001-01-01,2025-12-31,8944,2.05,100.0,MP1100_Mergn,Meregaon_Jabalpur,Jabalpur,Narmada,Hiran,23.15805555555556,79.3861111111111,441069768,6,5404.338366277713,40.44,0.2308,True,0.5083,2
Barmanghat,NARSIMHAPUR,Narmada,Narmada,23.03055556,79.01583333,2001-01-01,2025-12-31,8944,2.05,100.0,MP1100_Nrngr,Noornagar,Raisen,Narmada,Tenduni,23.11138888888889,78.40277777777777,441050508,6,14617.204139428162,63.357,0.2105,True,0.3752,3
Barmanghat,NARSIMHAPUR,Narmada,Narmada,23.03055556,79.01583333,2001-01-01,2025-12-31,8944,2.05,100.0,MP1100_Kmnkd,Kamankheda,Khandwa,Narmada,Kaveri,22.165,76.23333333333333,440928077,7,9885.832494857046,301.417,0.6,True,0.31,4
Barmanghat,NARSIMHAPUR,Narmada,Narmada,23.03055556,79.01583333,2001-01-01,2025-12-31,8944,2.05,100.0,MP1100_Strna,Satrana,Sehore,Narmada,Kolar,22.672222222222224,77.355,440940446,7,7963.290483636937,174.783,0.5882,True,0.3059,5
Beda at Satwadi(Gogawa),Khargone,Narmada,Narmada,21.91805556,75.74833333,2019-06-01,2025-12-31,2377,1.21,84.6,MP1100_Bmnla,Bamnalla_Khargone,Khargon,Narmada,Veda,21.834444444444443,75.83583333333333,440976241,7,39820.51257861692,12.96,0.3784,True,0.7112,1
Beda at Satwadi(Gogawa),Khargone,Narmada,Narmada,21.91805556,75.74833333,2019-06-01,2025-12-31,2377,1.21,84.6,MP1100_Bhdli,Bhadli,Khargon,Narmada,Veda,21.850833333333327,75.60527777777777,440983121,7,37207.352799811175,16.545,0.2963,True,0.6627,2
Beda at Satwadi(Gogawa),Khargone,Narmada,Narmada,21.91805556,75.74833333,2019-06-01,2025-12-31,2377,1.21,84.6,MP1100_Thkri,Thikri,Khargon,Narmada,Narmada,22.06666666666666,75.48333333333332,440970738,7,10335.4121083296,31.931,0.1481,True,0.5262,3
Beda at Satwadi(Gogawa),Khargone,Narmada,Narmada,21.91805556,75.74833333,2019-06-01,2025-12-31,2377,1.21,84.6,MP1100_Kmnkd,Kamankheda,Khandwa,Narmada,Kaveri,22.165,76.23333333333333,440928077,7,9885.832494857046,57.033,0.1935,True,0.4041,4
Beda at Satwadi(Gogawa),Khargone,Narmada,Narmada,21.91805556,75.74833333,2019-06-01,2025-12-31,2377,1.21,84.6,MP1100_Gujri,Gujri,Dhar,Narmada,Karam,22.558333333333334,75.51666666666667,440983121,7,47214.50288495643,75.082,0.0769,True,0.264,5
Belkhedi,NARSIMHAPUR,Narmada,Narmada,22.92888889,79.34027778,2001-01-01,2025-12-31,8862,2.95,94.63,MP1100_Mergn,Meregaon_Jabalpur,Jabalpur,Narmada,Hiran,23.15805555555556,79.3861111111111,441069768,6,5404.338366277713,25.91,0.1667,True,0.5658,1
Belkhedi,NARSIMHAPUR,Narmada,Narmada,22.92888889,79.34027778,2001-01-01,2025-12-31,8862,2.95,94.63,MP1100_Slwda,Saliwada_Jabalpur,Jabalpur,Narmada,Gour,23.11805555555556,80.01222222222222,441011977,6,7481.550363052474,71.91,0.1667,True,0.3128,2
Belkhedi,NARSIMHAPUR,Narmada,Narmada,22.92888889,79.34027778,2001-01-01,2025-12-31,8862,2.95,94.63,MP1100_Ktngi,Katangi_Jabalpur,Jabalpur,Narmada,Hiran,23.426666666666662,79.8175,441067015,6,35037.212388642554,73.779,0.1739,True,0.3051,3
Belkhedi,NARSIMHAPUR,Narmada,Narmada,22.92888889,79.34027778,2001-01-01,2025-12-31,8862,2.95,94.63,MP1100_Pangr,Panagar_Narsinghpur,Narsimhapur,Narmada,Dudhi,22.835277777777776,78.60333333333334,441043628,6,21128.049975171427,76.21,0.0769,True,0.2578,4
Belkhedi,NARSIMHAPUR,Narmada,Narmada,22.92888889,79.34027778,2001-01-01,2025-12-31,8862,2.95,94.63,MP1100_Kmnkd,Kamankheda,Khandwa,Narmada,Kaveri,22.165,76.23333333333333,440928077,7,9885.832494857046,330.174,0.4444,True,0.2556,5
Belkund at Ghughra,JABALPUR,Narmada,Narmada,23.48638889,80.19638889,2019-06-01,2025-12-31,2406,0.0,93.72,MP1100_Khrni,Khirhani_Jabalpur,Jabalpur,Narmada,Heran,23.416666666666664,80.26666666666667,441045000,6,52723.02626335636,10.559,0.2353,True,0.6743,1
Belkund at Ghughra,JABALPUR,Narmada,Narmada,23.48638889,80.19638889,2019-06-01,2025-12-31,2406,0.0,93.72,MP1100_Sehra,Sihora_Jabalpur,Jabalpur,Narmada,Hiran,23.44055555555556,80.09055555555554,441045000,6,44226.15429169239,11.938,0.1875,True,0.65,2
Belkund at Ghughra,JABALPUR,Narmada,Narmada,23.48638889,80.19638889,2019-06-01,2025-12-31,2406,0.0,93.72,MP1100_Ktngi,Katangi_Jabalpur,Jabalpur,Narmada,Hiran,23.426666666666662,79.8175,441067015,6,35037.212388642554,39.215,0.3636,True,0.5616,3
Belkund at Ghughra,JABALPUR,Narmada,Narmada,23.48638889,80.19638889,2019-06-01,2025-12-31,2406,0.0,93.72,MP1100_Slwda,Saliwada_Jabalpur,Jabalpur,Narmada,Gour,23.11805555555556,80.01222222222222,441011977,6,7481.550363052474,45.069,0.2353,True,0.4845,4
Belkund at Ghughra,JABALPUR,Narmada,Narmada,23.48638889,80.19638889,2019-06-01,2025-12-31,2406,0.0,93.72,MP0286_Ghtkw,Ghatkhirawa,Katni,Ganga,Son,23.870833333333334,80.42194444444443,441040829,6,69329.62585081163,48.528,0.3448,False,0.4038,5
Bhamgarh,Khandwa,Narmada,Narmada,21.84361111,76.50388889,2019-07-01,2025-12-01,2341,0.21,48.14,MP1100_Kmnkd,Kamankheda,Khandwa,Narmada,Kaveri,22.165,76.23333333333333,440928077,7,9885.832494857046,45.334,0.4444,True,0.5562,1
Bhamgarh,Khandwa,Narmada,Narmada,21.84361111,76.50388889,2019-07-01,2025-12-01,2341,0.21,48.14,MP1100_Bmnla,Bamnalla_Khargone,Khargon,Narmada,Veda,21.834444444444443,75.83583333333333,440976241,7,39820.51257861692,68.961,0.3333,True,0.3874,2
Bhamgarh,Khandwa,Narmada,Narmada,21.84361111,76.50388889,2019-07-01,2025-12-01,2341,0.21,48.14,MP1100_Bhdli,Bhadli,Khargon,Narmada,Veda,21.850833333333327,75.60527777777777,440983121,7,37207.352799811175,92.748,0.4286,True,0.2899,3
Bhamgarh,Khandwa,Narmada,Narmada,21.84361111,76.50388889,2019-07-01,2025-12-01,2341,0.21,48.14,MP1100_Nrngr,Noornagar,Raisen,Narmada,Tenduni,23.11138888888889,78.40277777777777,441050508,6,14617.204139428162,240.7,0.4706,True,0.2647,4
Bhamgarh,Khandwa,Narmada,Narmada,21.84361111,76.50388889,2019-07-01,2025-12-01,2341,0.21,48.14,MP1100_Brtla,Behratola_Mandla,Mandla,Narmada,Burhner,22.5425,80.87,440962463,6,56038.311650724536,456.172,0.4348,True,0.2522,5
Bichhubaggu,CHHINDWARA,Godavari,Godavari,21.69277778,78.86333333,2019-08-17,2025-12-31,1242,46.67,99.11,MP0623_LDKDA,Lodhikheda,Chhindwara,Godavari,Wainganga,21.579166666666666,78.86611111111111,440785017,6,50175.54147903866,12.636,0.2857,True,0.6805,1
Bichhubaggu,CHHINDWARA,Godavari,Godavari,21.69277778,78.86333333,2019-08-17,2025-12-31,1242,46.67,99.11,MP0622_RMKON,Ramakona,Chhindwara,Godavari,Wainganga,21.68722222222221,78.84944444444443,440785017,6,61431.08866785153,1.562,0.1053,True,0.6782,2
Bichhubaggu,CHHINDWARA,Godavari,Godavari,21.69277778,78.86333333,2019-08-17,2025-12-31,1242,46.67,99.11,MP0623_JAM,Jam,Chhindwara,Godavari,Wainganga,21.57,78.73555555555555,440785017,6,60256.310800017054,18.995,0.1429,True,0.5955,3
Bichhubaggu,CHHINDWARA,Godavari,Godavari,21.69277778,78.86333333,2019-08-17,2025-12-31,1242,46.67,99.11,MP0622_BJGRA,Bijagora,Chhindwara,Godavari,Wainganga,21.981666666666666,78.61472222222223,440785017,6,105353.78793589726,41.114,0.4211,True,0.5712,4
Bichhubaggu,CHHINDWARA,Godavari,Godavari,21.69277778,78.86333333,2019-08-17,2025-12-31,1242,46.67,99.11,MP0621_CHAND,Chand,Chhindwara,Godavari,Wainganga,21.950277777777774,79.1247222222222,440785017,6,81726.82298504395,39.343,0.375,True,0.5649,5
Borad at Thikri,BARWANI,Narmada,Narmada,22.073,75.40397222,2019-06-01,2025-12-31,2332,3.08,75.56,MP1100_Thkri,Thikri,Khargon,Narmada,Narmada,22.06666666666666,75.48333333333332,440970738,7,10335.4121083296,8.208,0.5714,True,0.8049,1
Borad at Thikri,BARWANI,Narmada,Narmada,22.073,75.40397222,2019-06-01,2025-12-31,2332,3.08,75.56,MP1100_Bhdli,Bhadli,Khargon,Narmada,Veda,21.850833333333327,75.60527777777777,440983121,7,37207.352799811175,32.268,0.381,True,0.6059,2
Borad at Thikri,BARWANI,Narmada,Narmada,22.073,75.40397222,2019-06-01,2025-12-31,2332,3.08,75.56,MP1100_Plsud,Palsud,Khargon,Narmada,Goi,21.837499999999995,74.97083333333332,440965237,7,29552.319797309792,51.78,0.1905,True,0.4319,3
Borad at Thikri,BARWANI,Narmada,Narmada,22.073,75.40397222,2019-06-01,2025-12-31,2332,3.08,75.56,MP1100_Gujri,Gujri,Dhar,Narmada,Karam,22.558333333333334,75.51666666666667,440983121,7,47214.50288495643,55.198,0.2,True,0.4164,4
Borad at Thikri,BARWANI,Narmada,Narmada,22.073,75.40397222,2019-06-01,2025-12-31,2332,3.08,75.56,MP1100_Bmnla,Bamnalla_Khargone,Khargon,Narmada,Veda,21.834444444444443,75.83583333333333,440976241,7,39820.51257861692,51.839,0.129,True,0.41,5
Chakrar at Gadasarai,DINDORI,Narmada,Narmada,22.82638889,81.32444444,2019-06-24,2025-12-31,2367,0.67,88.93,MP1100_Sakka,Sakke_Mandla,Mandla,Narmada,Kharmer,22.9,80.89999999999999,440932188,6,67548.04520713889,44.252,0.2581,True,0.4969,1
Chakrar at Gadasarai,DINDORI,Narmada,Narmada,22.82638889,81.32444444,2019-06-24,2025-12-31,2367,0.67,88.93,MP1100_Brtla,Behratola_Mandla,Mandla,Narmada,Burhner,22.5425,80.87,440962463,6,56038.311650724536,56.304,0.4,True,0.4803,2
Chakrar at Gadasarai,DINDORI,Narmada,Narmada,22.82638889,81.32444444,2019-06-24,2025-12-31,2367,0.67,88.93,MP1100_Ghgri,Ghughari_Mandla,Mandla,Narmada,Burhner,22.67333333333333,80.72055555555553,440962463,6,40562.4483671878,64.221,0.2941,True,0.3997,3
Chakrar at Gadasarai,DINDORI,Narmada,Narmada,22.82638889,81.32444444,2019-06-24,2025-12-31,2367,0.67,88.93,MP1100_Halon,Halon_Mandala,Mandla,Narmada,Burhner,22.39888888888888,80.79527777777778,440962463,6,52541.28072218832,72.18,0.375,True,0.3843,4
Chakrar at Gadasarai,DINDORI,Narmada,Narmada,22.82638889,81.32444444,2019-06-24,2025-12-31,2367,0.67,88.93,MP0284_Chtwi,Chatwai,Sahodal,Ganga,Son,23.375,81.3361111111111,441080732,6,90587.39476957529,61.015,0.4444,False,0.37,5
Chhidgaon,HARDA,Narmada,Narmada,22.40611111,77.30805556,2001-01-01,2025-12-31,8815,3.46,83.21,MP1100_Strna,Satrana,Sehore,Narmada,Kolar,22.672222222222224,77.355,440940446,7,7963.290483636937,29.98,0.25,True,0.5726,1
Chhidgaon,HARDA,Narmada,Narmada,22.40611111,77.30805556,2001-01-01,2025-12-31,8815,3.46,83.21,MP1100_Dhlsr,Dhulsar_Dhar,Dhar,Narmada,Uri,22.17083333333333,77.90833333333333,440928059,7,70754.84359814823,67.073,0.3,True,0.3861,2
Chhidgaon,HARDA,Narmada,Narmada,22.40611111,77.30805556,2001-01-01,2025-12-31,8815,3.46,83.21,MP1100_Shahp,Shahpur,Betul,Narmada,Tawa,22.133333333333336,77.96666666666665,440928059,7,78037.83516687452,74.25,0.25,True,0.3291,3
Chhidgaon,HARDA,Narmada,Narmada,22.40611111,77.30805556,2001-01-01,2025-12-31,8815,3.46,83.21,MP1000_PALNG,Palinga,Betul,Tapi,Tapi,21.803611111111103,77.43305555555554,440988608,7,91401.8738920646,68.221,0.375,False,0.306,4
Chhidgaon,HARDA,Narmada,Narmada,22.40611111,77.30805556,2001-01-01,2025-12-31,8815,3.46,83.21,MP1100_Ghgri,Ghughari_Mandla,Mandla,Narmada,Burhner,22.67333333333333,80.72055555555553,440962463,6,40562.4483671878,351.718,0.4348,True,0.2522,5
Chhinda,CHHINDWARA,Godavari,Godavari,22.18527778,78.9775,2022-12-09,2025-12-08,435,60.31,97.7,MP0621_CHAND,Chand,Chhindwara,Godavari,Wainganga,21.950277777777774,79.1247222222222,440785017,6,81726.82298504395,30.216,0.6667,True,0.7171,1
Chhinda,CHHINDWARA,Godavari,Godavari,22.18527778,78.9775,2022-12-09,2025-12-08,435,60.31,97.7,MP0620_PLWRA,Palatwara,Chhindwara,Godavari,Wainganga,22.186111111111117,78.97694444444444,441036748,6,99905.34761386192,0.109,0.125,True,0.6932,2
Chhinda,CHHINDWARA,Godavari,Godavari,22.18527778,78.9775,2022-12-09,2025-12-08,435,60.31,97.7,MP0620_HRKHR,Hirankheri,Chhindwara,Godavari,Wainganga,21.962499999999995,79.1436111111111,440785017,6,83091.14737937962,30.11,0.3529,True,0.6079,3
Chhinda,CHHINDWARA,Godavari,Godavari,22.18527778,78.9775,2022-12-09,2025-12-08,435,60.31,97.7,MP0622_HRGRH,Hirdagarh,Chhindwara,Godavari,Wainganga,22.13055555555555,78.52277777777778,440969334,6,91296.45913238276,47.222,0.5,True,0.5653,4
Chhinda,CHHINDWARA,Godavari,Godavari,22.18527778,78.9775,2022-12-09,2025-12-08,435,60.31,97.7,MP0622_BJGRA,Bijagora,Chhindwara,Godavari,Wainganga,21.981666666666666,78.61472222222223,440785017,6,105353.78793589726,43.702,0.2667,True,0.503,5
Chitrakoot,SATNA,Yamuna,Yamuna Basin,25.14222222,80.85472222,2024-01-01,2025-12-31,729,0.27,100.0,MP0270_Pthra,Patehera,Rewa,Ganga,Tons,24.925000000000004,81.40805555555555,441053171,6,41069.24350692594,60.756,0.3333,False,0.3325,1
Chitrakoot,SATNA,Yamuna,Yamuna Basin,25.14222222,80.85472222,2024-01-01,2025-12-31,729,0.27,100.0,MP0620_HRKHR,Hirankheri,Chhindwara,Godavari,Wainganga,21.962499999999995,79.1436111111111,440785017,6,83091.14737937962,394.233,0.5,False,0.175,2
Chitrakoot,SATNA,Yamuna,Yamuna Basin,25.14222222,80.85472222,2024-01-01,2025-12-31,729,0.27,100.0,MP0271_SnsrP,Sansarpur,Rewa,Ganga,Tons,24.740555555555552,81.4636111111111,441066959,6,45510.57034346316,75.919,0.1053,False,0.1693,3
Chitrakoot,SATNA,Yamuna,Yamuna Basin,25.14222222,80.85472222,2024-01-01,2025-12-31,729,0.27,100.0,MP0285_Chndi,Choondi,Sahodal,Ganga,Son,23.65833333333333,81.54166666666666,441082108,6,66752.19441205189,179.064,0.4706,False,0.1647,4
Chitrakoot,SATNA,Yamuna,Yamuna Basin,25.14222222,80.85472222,2024-01-01,2025-12-31,729,0.27,100.0,MP0622_RMKON,Ramakona,Chhindwara,Godavari,Wainganga,21.68722222222221,78.84944444444443,440785017,6,61431.08866785153,435.248,0.4444,False,0.1556,5
Choral at Barwah,Khargone,Narmada,Narmada,22.24583333,76.05111111,2019-07-01,2025-12-31,2223,6.44,60.5,MP1100_Kmnkd,Kamankheda,Khandwa,Narmada,Kaveri,22.165,76.23333333333333,440928077,7,9885.832494857046,20.802,0.1538,True,0.5894,1
Choral at Barwah,Khargone,Narmada,Narmada,22.24583333,76.05111111,2019-07-01,2025-12-31,2223,6.44,60.5,MP1100_Bmnla,Bamnalla_Khargone,Khargon,Narmada,Veda,21.834444444444443,75.83583333333333,440976241,7,39820.51257861692,50.842,0.3125,True,0.4797,2
Choral at Barwah,Khargone,Narmada,Narmada,22.24583333,76.05111111,2019-07-01,2025-12-31,2223,6.44,60.5,MP1100_Bhdli,Bhadli,Khargon,Narmada,Veda,21.850833333333327,75.60527777777777,440983121,7,37207.352799811175,63.564,0.2727,True,0.3959,3
Choral at Barwah,Khargone,Narmada,Narmada,22.24583333,76.05111111,2019-07-01,2025-12-31,2223,6.44,60.5,MP1100_Thkri,Thikri,Khargon,Narmada,Narmada,22.06666666666666,75.48333333333332,440970738,7,10335.4121083296,61.773,0.1818,True,0.3739,4
Choral at Barwah,Khargone,Narmada,Narmada,22.24583333,76.05111111,2019-07-01,2025-12-31,2223,6.44,60.5,MP1100_Gujri,Gujri,Dhar,Narmada,Karam,22.558333333333334,75.51666666666667,440983121,7,47214.50288495643,65.009,0.0952,True,0.3258,5
DEDTALAI,Khandwa,Tapi,Tapi,21.51305556,76.75722222,2001-01-01,2024-11-02,807,90.73,90.83,MP1000_PALNG,Palinga,Betul,Tapi,Tapi,21.803611111111103,77.43305555555554,440988608,7,91401.8738920646,76.954,0.4,True,0.3668,1
DEDTALAI,Khandwa,Tapi,Tapi,21.51305556,76.75722222,2001-01-01,2024-11-02,807,90.73,90.83,MP1000_DDNGR,Deo Dongri,Betul,Tapi,Tapi,21.68055555555556,78.15,440785017,6,123443.1736710054,145.197,0.4444,True,0.2556,2
DEDTALAI,Khandwa,Tapi,Tapi,21.51305556,76.75722222,2001-01-01,2024-11-02,807,90.73,90.83,MP1001_BLKDN,Balkhedan,Betul,Tapi,Purna,21.4,77.67222222222222,440988608,7,144272.89507037407,95.523,0.3529,True,0.2482,3
DEDTALAI,Khandwa,Tapi,Tapi,21.51305556,76.75722222,2001-01-01,2024-11-02,807,90.73,90.83,MP1002_PNSML,Pansemal,Badwani,Tapi,Gomai,21.653888888888886,74.68416666666667,440822163,6,29554.598186886447,214.92,0.375,True,0.2312,4
DEDTALAI,Khandwa,Tapi,Tapi,21.51305556,76.75722222,2001-01-01,2024-11-02,807,90.73,90.83,MP1000_TESKA,Teska,Betul,Tapi,Tapi,21.81583333333333,77.77444444444443,440987232,7,102260.13781900889,110.38,0.3077,True,0.2077,5
Datuni at Dudwas,DEWAS,Narmada,Narmada,22.56722222,76.68833333,2019-07-01,2025-11-04,2315,0.17,61.21,MP1100_Strna,Satrana,Sehore,Narmada,Kolar,22.672222222222224,77.355,440940446,7,7963.290483636937,69.417,0.3478,True,0.3899,1
Datuni at Dudwas,DEWAS,Narmada,Narmada,22.56722222,76.68833333,2019-07-01,2025-11-04,2315,0.17,61.21,MP1100_Kmnkd,Kamankheda,Khandwa,Narmada,Kaveri,22.165,76.23333333333333,440928077,7,9885.832494857046,64.726,0.1538,True,0.3479,2
Datuni at Dudwas,DEWAS,Narmada,Narmada,22.56722222,76.68833333,2019-07-01,2025-11-04,2315,0.17,61.21,MP0215_Sonkh,Sonkatch _C,Dawas,Ganga,Yamuna,22.975277777777773,76.34194444444445,440980362,7,77186.50104248557,57.62,0.2308,False,0.3139,3
Datuni at Dudwas,DEWAS,Narmada,Narmada,22.56722222,76.68833333,2019-07-01,2025-11-04,2315,0.17,61.21,MP1100_Bmhni,Bamhni_Mandla,Mandla,Narmada,Banjar,22.48333333333333,80.36666666666666,440962463,6,12335.25192320282,377.915,0.4286,True,0.25,4
Datuni at Dudwas,DEWAS,Narmada,Narmada,22.56722222,76.68833333,2019-07-01,2025-11-04,2315,0.17,61.21,MP0215_Smskh,Samaskhedi,Dawas,Ganga,Yamuna,23.191666666666663,76.43388888888887,440948707,7,99756.09332826416,74.167,0.2308,False,0.2229,5
Deb at Khajuri,BARWANI,Narmada,Narmada,21.97077778,75.25780556,2019-06-01,2025-12-31,2378,1.16,63.33,MP1100_Thkri,Thikri,Khargon,Narmada,Narmada,22.06666666666666,75.48333333333332,440970738,7,10335.4121083296,25.577,0.4,True,0.6493,1
Deb at Khajuri,BARWANI,Narmada,Narmada,21.97077778,75.25780556,2019-06-01,2025-12-31,2378,1.16,63.33,MP1100_Bhdli,Bhadli,Khargon,Narmada,Veda,21.850833333333327,75.60527777777777,440983121,7,37207.352799811175,38.247,0.4,True,0.5796,2
Deb at Khajuri,BARWANI,Narmada,Narmada,21.97077778,75.25780556,2019-06-01,2025-12-31,2378,1.16,63.33,MP1100_Plsud,Palsud,Khargon,Narmada,Goi,21.837499999999995,74.97083333333332,440965237,7,29552.319797309792,33.108,0.1,True,0.5029,3
Deb at Khajuri,BARWANI,Narmada,Narmada,21.97077778,75.25780556,2019-06-01,2025-12-31,2378,1.16,63.33,MP1100_Bmnla,Bamnalla_Khargone,Khargon,Narmada,Veda,21.834444444444443,75.83583333333333,440976241,7,39820.51257861692,61.531,0.4,True,0.4516,4
Deb at Khajuri,BARWANI,Narmada,Narmada,21.97077778,75.25780556,2019-06-01,2025-12-31,2378,1.16,63.33,MP1100_Kuksi,Kukshi,Dhar,Narmada,Uri,22.20777777777778,74.7836111111111,440970741,7,15516.84636951086,55.512,0.3,True,0.4497,5
Denwa at Matkuli,HOSHANGABAD,Narmada,Narmada,22.58555556,78.45944444,2019-06-01,2025-12-31,2406,0.0,93.81,MP1100_Pangr,Panagar_Narsinghpur,Narsimhapur,Narmada,Dudhi,22.835277777777776,78.60333333333334,441043628,6,21128.049975171427,31.447,0.2941,True,0.58,1
Denwa at Matkuli,HOSHANGABAD,Narmada,Narmada,22.58555556,78.45944444,2019-06-01,2025-12-31,2406,0.0,93.81,MP1100_Nrngr,Noornagar,Raisen,Narmada,Tenduni,23.11138888888889,78.40277777777777,441050508,6,14617.204139428162,58.758,0.24,True,0.4108,2
Denwa at Matkuli,HOSHANGABAD,Narmada,Narmada,22.58555556,78.45944444,2019-06-01,2025-12-31,2406,0.0,93.81,MP0622_HRGRH,Hirdagarh,Chhindwara,Godavari,Wainganga,22.13055555555555,78.52277777777778,440969334,6,91296.45913238276,51.011,0.24,False,0.3534,3
Denwa at Matkuli,HOSHANGABAD,Narmada,Narmada,22.58555556,78.45944444,2019-06-01,2025-12-31,2406,0.0,93.81,MP1100_Dhlsr,Dhulsar_Dhar,Dhar,Narmada,Uri,22.17083333333333,77.90833333333333,440928059,7,70754.84359814823,73.059,0.2222,True,0.326,4
Denwa at Matkuli,HOSHANGABAD,Narmada,Narmada,22.58555556,78.45944444,2019-06-01,2025-12-31,2406,0.0,93.81,MP1100_Shahp,Shahpur,Betul,Narmada,Tawa,22.133333333333336,77.96666666666665,440928059,7,78037.83516687452,71.39,0.1739,True,0.3182,5
Dhulsar,DHAR,Narmada,Narmada,22.20677778,74.85147222,2001-01-01,2025-12-31,6908,24.35,34.16,MP1100_Kuksi,Kukshi,Dhar,Narmada,Uri,22.20777777777778,74.7836111111111,440970741,7,15516.84636951086,6.987,0.1538,True,0.6654,1
Dhulsar,DHAR,Narmada,Narmada,22.20677778,74.85147222,2001-01-01,2025-12-31,6908,24.35,34.16,MP1100_Dgnwa,Doganwa_Khargone,Khargon,Narmada,Veda,22.114722222222223,74.6686111111111,440985878,7,8465.050850924663,21.433,0.3636,True,0.6594,2
Dhulsar,DHAR,Narmada,Narmada,22.20677778,74.85147222,2001-01-01,2025-12-31,6908,24.35,34.16,MP1100_Plsud,Palsud,Khargon,Narmada,Goi,21.837499999999995,74.97083333333332,440965237,7,29552.319797309792,42.866,0.3077,True,0.5219,3
Dhulsar,DHAR,Narmada,Narmada,22.20677778,74.85147222,2001-01-01,2025-12-31,6908,24.35,34.16,MP1100_Thkri,Thikri,Khargon,Narmada,Narmada,22.06666666666666,75.48333333333332,440970738,7,10335.4121083296,66.92,0.3077,True,0.3896,4
Dhulsar,DHAR,Narmada,Narmada,22.20677778,74.85147222,2001-01-01,2025-12-31,6908,24.35,34.16,MP1100_Dhlsr,Dhulsar_Dhar,Dhar,Narmada,Uri,22.17083333333333,77.90833333333333,440928059,7,70754.84359814823,314.756,0.7778,True,0.3722,5
Dindori,DINDORI,Narmada,Narmada,22.94777778,81.07611111,2001-01-01,2025-12-31,8411,7.89,99.49,MP1100_Sakka,Sakke_Mandla,Mandla,Narmada,Kharmer,22.9,80.89999999999999,440932188,6,67548.04520713889,18.802,0.2222,True,0.6244,1
Dindori,DINDORI,Narmada,Narmada,22.94777778,81.07611111,2001-01-01,2025-12-31,8411,7.89,99.49,MP1100_Ghgri,Ghughari_Mandla,Mandla,Narmada,Burhner,22.67333333333333,80.72055555555553,440962463,6,40562.4483671878,47.534,0.2857,True,0.4886,2
Dindori,DINDORI,Narmada,Narmada,22.94777778,81.07611111,2001-01-01,2025-12-31,8411,7.89,99.49,MP1100_Brtla,Behratola_Mandla,Mandla,Narmada,Burhner,22.5425,80.87,440962463,6,56038.311650724536,49.775,0.1818,True,0.4399,3
Dindori,DINDORI,Narmada,Narmada,22.94777778,81.07611111,2001-01-01,2025-12-31,8411,7.89,99.49,MP1100_Halon,Halon_Mandala,Mandla,Narmada,Burhner,22.39888888888888,80.79527777777778,440962463,6,52541.28072218832,67.493,0.2105,True,0.3525,4
Dindori,DINDORI,Narmada,Narmada,22.94777778,81.07611111,2001-01-01,2025-12-31,8411,7.89,99.49,MP0284_Chtwi,Chatwai,Sahodal,Ganga,Son,23.375,81.3361111111111,441080732,6,90587.39476957529,54.436,0.1429,False,0.3006,5
Dudhi at Panagar,NARSIMHAPUR,Narmada,Narmada,22.83694444,78.60277778,2019-06-01,2025-12-31,2406,0.0,70.28,MP1100_Pangr,Panagar_Narsinghpur,Narsimhapur,Narmada,Dudhi,22.835277777777776,78.60333333333334,441043628,6,21128.049975171427,0.194,0.4118,True,0.7931,1
Dudhi at Panagar,NARSIMHAPUR,Narmada,Narmada,22.83694444,78.60277778,2019-06-01,2025-12-31,2406,0.0,70.28,MP1100_Nrngr,Noornagar,Raisen,Narmada,Tenduni,23.11138888888889,78.40277777777777,441050508,6,14617.204139428162,36.749,0.4,True,0.5879,2
Dudhi at Panagar,NARSIMHAPUR,Narmada,Narmada,22.83694444,78.60277778,2019-06-01,2025-12-31,2406,0.0,70.28,MP0622_HRGRH,Hirdagarh,Chhindwara,Godavari,Wainganga,22.13055555555555,78.52277777777778,440969334,6,91296.45913238276,78.976,0.48,False,0.2836,3
Dudhi at Panagar,NARSIMHAPUR,Narmada,Narmada,22.83694444,78.60277778,2019-06-01,2025-12-31,2406,0.0,70.28,MP1100_Ktngi,Katangi_Jabalpur,Jabalpur,Narmada,Hiran,23.426666666666662,79.8175,441067015,6,35037.212388642554,140.457,0.4516,True,0.2581,4
Dudhi at Panagar,NARSIMHAPUR,Narmada,Narmada,22.83694444,78.60277778,2019-06-01,2025-12-31,2406,0.0,70.28,MP1100_Khrni,Khirhani_Jabalpur,Jabalpur,Narmada,Heran,23.416666666666664,80.26666666666667,441045000,6,52723.02626335636,181.948,0.4375,True,0.2531,5
Gadarwara,NARSIMHAPUR,Narmada,Narmada,22.92333333,78.78944444,2001-01-01,2025-12-31,8392,8.09,89.64,MP1100_Pangr,Panagar_Narsinghpur,Narsimhapur,Narmada,Dudhi,22.835277777777776,78.60333333333334,441043628,6,21128.049975171427,21.434,0.3704,True,0.6617,1
Gadarwara,NARSIMHAPUR,Narmada,Narmada,22.92333333,78.78944444,2001-01-01,2025-12-31,8392,8.09,89.64,MP1100_Nrngr,Noornagar,Raisen,Narmada,Tenduni,23.11138888888889,78.40277777777777,441050508,6,14617.204139428162,44.758,0.3333,True,0.5205,2
Gadarwara,NARSIMHAPUR,Narmada,Narmada,22.92333333,78.78944444,2001-01-01,2025-12-31,8392,8.09,89.64,MP1100_Mergn,Meregaon_Jabalpur,Jabalpur,Narmada,Hiran,23.15805555555556,79.3861111111111,441069768,6,5404.338366277713,66.398,0.32,True,0.3968,3
Gadarwara,NARSIMHAPUR,Narmada,Narmada,22.92333333,78.78944444,2001-01-01,2025-12-31,8392,8.09,89.64,MP0620_PLWRA,Palatwara,Chhindwara,Godavari,Wainganga,22.186111111111117,78.97694444444444,441036748,6,99905.34761386192,84.206,0.6667,False,0.3202,4
Gadarwara,NARSIMHAPUR,Narmada,Narmada,22.92333333,78.78944444,2001-01-01,2025-12-31,8392,8.09,89.64,MP1100_Dhlsr,Dhulsar_Dhar,Dhar,Narmada,Uri,22.17083333333333,77.90833333333333,440928059,7,70754.84359814823,123.244,0.5,True,0.275,5
Gaur at Bhalawara,JABALPUR,Narmada,Narmada,23.10888889,79.98833333,2019-06-01,2025-12-31,2406,0.0,84.08,MP1100_Slwda,Saliwada_Jabalpur,Jabalpur,Narmada,Gour,23.11805555555556,80.01222222222222,441011977,6,7481.550363052474,2.647,0.1818,True,0.6991,1
Gaur at Bhalawara,JABALPUR,Narmada,Narmada,23.10888889,79.98833333,2019-06-01,2025-12-31,2406,0.0,84.08,MP1100_Ktngi,Katangi_Jabalpur,Jabalpur,Narmada,Hiran,23.426666666666662,79.8175,441067015,6,35037.212388642554,39.41,0.25,True,0.5207,2
Gaur at Bhalawara,JABALPUR,Narmada,Narmada,23.10888889,79.98833333,2019-06-01,2025-12-31,2406,0.0,84.08,MP1100_Sehra,Sihora_Jabalpur,Jabalpur,Narmada,Hiran,23.44055555555556,80.09055555555554,441045000,6,44226.15429169239,38.329,0.1935,True,0.5069,3
Gaur at Bhalawara,JABALPUR,Narmada,Narmada,23.10888889,79.98833333,2019-06-01,2025-12-31,2406,0.0,84.08,MP1100_Khrni,Khirhani_Jabalpur,Jabalpur,Narmada,Heran,23.416666666666664,80.26666666666667,441045000,6,52723.02626335636,44.494,0.1818,True,0.4689,4
Gaur at Bhalawara,JABALPUR,Narmada,Narmada,23.10888889,79.98833333,2019-06-01,2025-12-31,2406,0.0,84.08,MP1100_Mergn,Meregaon_Jabalpur,Jabalpur,Narmada,Hiran,23.15805555555556,79.3861111111111,441069768,6,5404.338366277713,61.822,0.2424,True,0.3948,5
Handia,HARDA,Narmada,Narmada,22.49194444,76.99333333,2001-01-01,2025-12-31,9004,1.39,100.0,MP1100_Strna,Satrana,Sehore,Narmada,Kolar,22.672222222222224,77.355,440940446,7,7963.290483636937,42.198,0.4615,True,0.5795,1
Handia,HARDA,Narmada,Narmada,22.49194444,76.99333333,2001-01-01,2025-12-31,9004,1.39,100.0,MP1100_Kmnkd,Kamankheda,Khandwa,Narmada,Kaveri,22.165,76.23333333333333,440928077,7,9885.832494857046,86.212,0.5,True,0.3508,2
Handia,HARDA,Narmada,Narmada,22.49194444,76.99333333,2001-01-01,2025-12-31,9004,1.39,100.0,MP1100_Bhdli,Bhadli,Khargon,Narmada,Veda,21.850833333333327,75.60527777777777,440983121,7,37207.352799811175,159.723,0.6667,True,0.3333,3
Handia,HARDA,Narmada,Narmada,22.49194444,76.99333333,2001-01-01,2025-12-31,9004,1.39,100.0,MP1100_Mocha,Mocha_Mandla,Mandla,Narmada,Banjar,22.3,80.46666666666665,440962463,6,36090.38781074412,357.715,0.5882,True,0.3059,4
Handia,HARDA,Narmada,Narmada,22.49194444,76.99333333,2001-01-01,2025-12-31,9004,1.39,100.0,MP1100_Bmhni,Bamhni_Mandla,Mandla,Narmada,Banjar,22.48333333333333,80.36666666666666,440962463,6,12335.25192320282,346.57,0.5556,True,0.2944,5
Hathed at Misrod,HOSHANGABAD,Narmada,Narmada,22.63861111,77.55944444,2019-06-01,2025-12-31,2406,0.0,81.42,MP1100_Strna,Satrana,Sehore,Narmada,Kolar,22.672222222222224,77.355,440940446,7,7963.290483636937,21.309,0.2609,True,0.6241,1
Hathed at Misrod,HOSHANGABAD,Narmada,Narmada,22.63861111,77.55944444,2019-06-01,2025-12-31,2406,0.0,81.42,MP1100_Shahp,Shahpur,Betul,Narmada,Tawa,22.133333333333336,77.96666666666665,440928059,7,78037.83516687452,70.069,0.3478,True,0.3864,2
Hathed at Misrod,HOSHANGABAD,Narmada,Narmada,22.63861111,77.55944444,2019-06-01,2025-12-31,2406,0.0,81.42,MP1100_Dhlsr,Dhulsar_Dhar,Dhar,Narmada,Uri,22.17083333333333,77.90833333333333,440928059,7,70754.84359814823,63.181,0.2222,True,0.3803,3
Hathed at Misrod,HOSHANGABAD,Narmada,Narmada,22.63861111,77.55944444,2019-06-01,2025-12-31,2406,0.0,81.42,MP0220_Nmkhd,Neemkheda,Raisen,Ganga,Yamuna,23.27694444444445,77.68222222222222,441021618,6,52191.30697893914,72.084,0.32,False,0.2655,4
Hathed at Misrod,HOSHANGABAD,Narmada,Narmada,22.63861111,77.55944444,2019-06-01,2025-12-31,2406,0.0,81.42,MP1100_Kmnkd,Kamankheda,Khandwa,Narmada,Kaveri,22.165,76.23333333333333,440928077,7,9885.832494857046,146.146,0.3846,True,0.2346,5
Hiran at Singaldeep,JABALPUR,Narmada,Narmada,23.38613889,79.90886111,2019-06-01,2025-12-31,2402,0.17,89.84,MP1100_Ktngi,Katangi_Jabalpur,Jabalpur,Narmada,Hiran,23.426666666666662,79.8175,441067015,6,35037.212388642554,10.355,0.3529,True,0.7166,1
Hiran at Singaldeep,JABALPUR,Narmada,Narmada,23.38613889,79.90886111,2019-06-01,2025-12-31,2402,0.17,89.84,MP1100_Sehra,Sihora_Jabalpur,Jabalpur,Narmada,Hiran,23.44055555555556,80.09055555555554,441045000,6,44226.15429169239,19.502,0.4242,True,0.6912,2
Hiran at Singaldeep,JABALPUR,Narmada,Narmada,23.38613889,79.90886111,2019-06-01,2025-12-31,2402,0.17,89.84,MP1100_Khrni,Khirhani_Jabalpur,Jabalpur,Narmada,Heran,23.416666666666664,80.26666666666667,441045000,6,52723.02626335636,36.671,0.5143,True,0.6283,3
Hiran at Singaldeep,JABALPUR,Narmada,Narmada,23.38613889,79.90886111,2019-06-01,2025-12-31,2402,0.17,89.84,MP1100_Slwda,Saliwada_Jabalpur,Jabalpur,Narmada,Gour,23.11805555555556,80.01222222222222,441011977,6,7481.550363052474,31.625,0.2857,True,0.5761,4
Hiran at Singaldeep,JABALPUR,Narmada,Narmada,23.38613889,79.90886111,2019-06-01,2025-12-31,2402,0.17,89.84,MP1100_Mergn,Meregaon_Jabalpur,Jabalpur,Narmada,Hiran,23.15805555555556,79.3861111111111,441069768,6,5404.338366277713,59.115,0.2857,True,0.4249,5
Indra at Khapriya,HOSHANGABAD,Narmada,Narmada,22.5722,77.4817,2019-06-01,2025-12-31,2406,0.0,82.17,MP1100_Strna,Satrana,Sehore,Narmada,Kolar,22.672222222222224,77.355,440940446,7,7963.290483636937,17.112,0.25,True,0.6434,1
Indra at Khapriya,HOSHANGABAD,Narmada,Narmada,22.5722,77.4817,2019-06-01,2025-12-31,2406,0.0,82.17,MP1100_Dhlsr,Dhulsar_Dhar,Dhar,Narmada,Uri,22.17083333333333,77.90833333333333,440928059,7,70754.84359814823,62.58,0.3571,True,0.4308,2
Indra at Khapriya,HOSHANGABAD,Narmada,Narmada,22.5722,77.4817,2019-06-01,2025-12-31,2406,0.0,82.17,MP1100_Shahp,Shahpur,Betul,Narmada,Tawa,22.133333333333336,77.96666666666665,440928059,7,78037.83516687452,69.777,0.3333,True,0.3829,3
Indra at Khapriya,HOSHANGABAD,Narmada,Narmada,22.5722,77.4817,2019-06-01,2025-12-31,2406,0.0,82.17,MP1100_Sehra,Sihora_Jabalpur,Jabalpur,Narmada,Hiran,23.44055555555556,80.09055555555554,441045000,6,44226.15429169239,283.933,0.4516,True,0.2581,4
Indra at Khapriya,HOSHANGABAD,Narmada,Narmada,22.5722,77.4817,2019-06-01,2025-12-31,2406,0.0,82.17,MP1100_Bmnla,Bamnalla_Khargone,Khargon,Narmada,Veda,21.834444444444443,75.83583333333333,440976241,7,39820.51257861692,188.253,0.4242,True,0.2485,5
Jamner at Sandalpur,DEWAS,Narmada,Narmada,22.5775,76.97138889,2019-07-01,2025-11-23,2336,0.09,52.27,MP1100_Strna,Satrana,Sehore,Narmada,Kolar,22.672222222222224,77.355,440940446,7,7963.290483636937,40.757,0.3846,True,0.5604,1
Jamner at Sandalpur,DEWAS,Narmada,Narmada,22.5775,76.97138889,2019-07-01,2025-11-23,2336,0.09,52.27,MP1100_Kmnkd,Kamankheda,Khandwa,Narmada,Kaveri,22.165,76.23333333333333,440928077,7,9885.832494857046,88.675,0.4138,True,0.3071,2
Jamner at Sandalpur,DEWAS,Narmada,Narmada,22.5775,76.97138889,2019-07-01,2025-11-23,2336,0.09,52.27,MP1100_Bmhni,Bamhni_Mandla,Mandla,Narmada,Banjar,22.48333333333333,80.36666666666666,440962463,6,12335.25192320282,348.873,0.4516,True,0.2581,3
Jamner at Sandalpur,DEWAS,Narmada,Narmada,22.5775,76.97138889,2019-07-01,2025-11-23,2336,0.09,52.27,MP1100_Halon,Halon_Mandala,Mandla,Narmada,Burhner,22.39888888888888,80.79527777777778,440962463,6,52541.28072218832,393.356,0.4516,True,0.2581,4
Jamner at Sandalpur,DEWAS,Narmada,Narmada,22.5775,76.97138889,2019-07-01,2025-11-23,2336,0.09,52.27,MP1100_Tamer,Temar_Jabalpur,Jabalpur,Narmada,Tamer,22.7,80.39166666666667,440932188,6,6856.1959421849615,351.271,0.4375,True,0.2531,5
Kalimachak at Charuwa,HARDA,Narmada,Narmada,22.07361111,76.91444444,2019-07-01,2025-11-30,2328,0.72,69.24,MP1100_Kmnkd,Kamankheda,Khandwa,Narmada,Kaveri,22.165,76.23333333333333,440928077,7,9885.832494857046,70.894,0.3871,True,0.3956,1
Kalimachak at Charuwa,HARDA,Narmada,Narmada,22.07361111,76.91444444,2019-07-01,2025-11-30,2328,0.72,69.24,MP1000_PALNG,Palinga,Betul,Tapi,Tapi,21.803611111111103,77.43305555555554,440988608,7,91401.8738920646,61.34,0.2857,False,0.3126,2
Kalimachak at Charuwa,HARDA,Narmada,Narmada,22.07361111,76.91444444,2019-07-01,2025-11-30,2328,0.72,69.24,MP1100_Strna,Satrana,Sehore,Narmada,Kolar,22.672222222222224,77.355,440940446,7,7963.290483636937,80.515,0.2857,True,0.3072,3
Kalimachak at Charuwa,HARDA,Narmada,Narmada,22.07361111,76.91444444,2019-07-01,2025-11-30,2328,0.72,69.24,MP1100_Bmnla,Bamnalla_Khargone,Khargon,Narmada,Veda,21.834444444444443,75.83583333333333,440976241,7,39820.51257861692,114.373,0.3784,True,0.2324,4
Kalimachak at Charuwa,HARDA,Narmada,Narmada,22.07361111,76.91444444,2019-07-01,2025-11-30,2328,0.72,69.24,MP1100_Mocha,Mocha_Mandla,Mandla,Narmada,Banjar,22.3,80.46666666666665,440962463,6,36090.38781074412,366.6,0.375,True,0.2312,5
Kaner at Mendhikheda,Khargone,Narmada,Narmada,22.40861111,76.21972222,2019-06-01,2025-12-31,2406,0.0,84.21,MP1100_Kmnkd,Kamankheda,Khandwa,Narmada,Kaveri,22.165,76.23333333333333,440928077,7,9885.832494857046,27.125,0.5333,True,0.6875,1
Kaner at Mendhikheda,Khargone,Narmada,Narmada,22.40861111,76.21972222,2019-06-01,2025-12-31,2406,0.0,84.21,MP1100_Bmnla,Bamnalla_Khargone,Khargon,Narmada,Veda,21.834444444444443,75.83583333333333,440976241,7,39820.51257861692,75.099,0.2222,True,0.3147,2
Kaner at Mendhikheda,Khargone,Narmada,Narmada,22.40861111,76.21972222,2019-06-01,2025-12-31,2406,0.0,84.21,MP1100_Gujri,Gujri,Dhar,Narmada,Karam,22.558333333333334,75.51666666666667,440983121,7,47214.50288495643,74.128,0.16,True,0.2983,3
Kaner at Mendhikheda,Khargone,Narmada,Narmada,22.40861111,76.21972222,2019-06-01,2025-12-31,2406,0.0,84.21,MP1100_Thkri,Thikri,Khargon,Narmada,Narmada,22.06666666666666,75.48333333333332,440970738,7,10335.4121083296,84.795,0.3077,True,0.2913,4
Kaner at Mendhikheda,Khargone,Narmada,Narmada,22.40861111,76.21972222,2019-06-01,2025-12-31,2406,0.0,84.21,MP0215_Sonkh,Sonkatch _C,Dawas,Ganga,Yamuna,22.975277777777773,76.34194444444445,440980362,7,77186.50104248557,64.246,0.2,False,0.2666,5
Karam at Dahiwar,DHAR,Narmada,Narmada,22.22286111,75.53086111,2019-06-01,2025-12-31,2283,5.11,43.5,MP1100_Thkri,Thikri,Khargon,Narmada,Narmada,22.06666666666666,75.48333333333332,440970738,7,10335.4121083296,18.045,0.3636,True,0.678,1
Karam at Dahiwar,DHAR,Narmada,Narmada,22.22286111,75.53086111,2019-06-01,2025-12-31,2283,5.11,43.5,MP1100_Bhdli,Bhadli,Khargon,Narmada,Veda,21.850833333333327,75.60527777777777,440983121,7,37207.352799811175,42.073,0.2727,True,0.5141,2
Karam at Dahiwar,DHAR,Narmada,Narmada,22.22286111,75.53086111,2019-06-01,2025-12-31,2283,5.11,43.5,MP1100_Gujri,Gujri,Dhar,Narmada,Karam,22.558333333333334,75.51666666666667,440983121,7,47214.50288495643,37.331,0.1905,True,0.5113,3
Karam at Dahiwar,DHAR,Narmada,Narmada,22.22286111,75.53086111,2019-06-01,2025-12-31,2283,5.11,43.5,MP1100_Bmnla,Bamnalla_Khargone,Khargon,Narmada,Veda,21.834444444444443,75.83583333333333,440976241,7,39820.51257861692,53.419,0.1875,True,0.4218,4
Karam at Dahiwar,DHAR,Narmada,Narmada,22.22286111,75.53086111,2019-06-01,2025-12-31,2283,5.11,43.5,MP1100_Kmnkd,Kamankheda,Khandwa,Narmada,Kaveri,22.165,76.23333333333333,440928077,7,9885.832494857046,72.61,0.3846,True,0.3853,5
Keolari,SEONI,Godavari,Godavari,22.38138889,79.89972222,2001-01-01,2025-12-31,8480,7.13,91.98,MP0610_DEGHT,Deoghat,Seoni,Godavari,Wainganga,22.385555555555555,79.81333333333333,440912919,6,53230.80136527721,8.894,0.4286,True,0.7511,1
Keolari,SEONI,Godavari,Godavari,22.38138889,79.89972222,2001-01-01,2025-12-31,8480,7.13,91.98,MP0610_UGLI,Ugli,Seoni,Godavari,Wainganga,22.238611111111112,80.0875,440962463,6,52219.12764609669,25.004,0.3636,True,0.6398,2
Keolari,SEONI,Godavari,Godavari,22.38138889,79.89972222,2001-01-01,2025-12-31,8480,7.13,91.98,MP0611_RTNPR,Ratanpur,Seoni,Godavari,Wainganga,22.18305555555555,79.96027777777778,440962463,6,66462.31729945733,22.917,0.2667,True,0.6173,3
Keolari,SEONI,Godavari,Godavari,22.38138889,79.89972222,2001-01-01,2025-12-31,8480,7.13,91.98,MP0610_BNDOL,Bandol,Seoni,Godavari,Wainganga,22.23833333333333,79.5286111111111,440956950,6,86149.81216860679,41.358,0.3077,True,0.5302,4
Keolari,SEONI,Godavari,Godavari,22.38138889,79.89972222,2001-01-01,2025-12-31,8480,7.13,91.98,MP0610_CHNDL,Chhindlai,Balaghat,Godavari,Wainganga,22.01833333333333,80.11083333333332,440760233,6,47039.29789818593,45.849,0.375,True,0.5291,5
Kokiwada,CHHINDWARA,Godavari,Godavari,21.89777778,79.23444444,2020-01-14,2025-12-24,840,61.33,99.64,MP0621_CHAND,Chand,Chhindwara,Godavari,Wainganga,21.950277777777774,79.1247222222222,440785017,6,81726.82298504395,12.735,0.3077,True,0.6876,1
Kokiwada,CHHINDWARA,Godavari,Godavari,21.89777778,79.23444444,2020-01-14,2025-12-24,840,61.33,99.64,MP0620_HRKHR,Hirankheri,Chhindwara,Godavari,Wainganga,21.962499999999995,79.1436111111111,440785017,6,83091.14737937962,11.814,0.2222,True,0.6628,2
Kokiwada,CHHINDWARA,Godavari,Godavari,21.89777778,79.23444444,2020-01-14,2025-12-24,840,61.33,99.64,MP0620_PLWRA,Palatwara,Chhindwara,Godavari,Wainganga,22.186111111111117,78.97694444444444,441036748,6,99905.34761386192,41.621,0.3529,True,0.5446,3
Kokiwada,CHHINDWARA,Godavari,Godavari,21.89777778,79.23444444,2020-01-14,2025-12-24,840,61.33,99.64,MP0622_RMKON,Ramakona,Chhindwara,Godavari,Wainganga,21.68722222222221,78.84944444444443,440785017,6,61431.08866785153,46.133,0.375,True,0.5275,4
Kokiwada,CHHINDWARA,Godavari,Godavari,21.89777778,79.23444444,2020-01-14,2025-12-24,840,61.33,99.64,MP0623_LDKDA,Lodhikheda,Chhindwara,Godavari,Wainganga,21.579166666666666,78.86611111111111,440785017,6,50175.54147903866,51.986,0.3333,True,0.4807,5
Kolar at Mahgaon,SEHORE,Narmada,Narmada,22.7136,77.3664,2019-06-01,2025-11-20,2363,0.08,77.4,MP1100_Strna,Satrana,Sehore,Narmada,Kolar,22.672222222222224,77.355,440940446,7,7963.290483636937,4.747,0.3478,True,0.7456,1
Kolar at Mahgaon,SEHORE,Narmada,Narmada,22.7136,77.3664,2019-06-01,2025-11-20,2363,0.08,77.4,MP1100_Dhlsr,Dhulsar_Dhar,Dhar,Narmada,Uri,22.17083333333333,77.90833333333333,440928059,7,70754.84359814823,82.125,0.2963,True,0.302,2
Kolar at Mahgaon,SEHORE,Narmada,Narmada,22.7136,77.3664,2019-06-01,2025-11-20,2363,0.08,77.4,MP1100_Kmnkd,Kamankheda,Khandwa,Narmada,Kaveri,22.165,76.23333333333333,440928077,7,9885.832494857046,131.461,0.4615,True,0.2615,3
Kolar at Mahgaon,SEHORE,Narmada,Narmada,22.7136,77.3664,2019-06-01,2025-11-20,2363,0.08,77.4,MP1100_Brtla,Behratola_Mandla,Mandla,Narmada,Burhner,22.5425,80.87,440962463,6,56038.311650724536,360.088,0.3871,True,0.2355,4
Kolar at Mahgaon,SEHORE,Narmada,Narmada,22.7136,77.3664,2019-06-01,2025-11-20,2363,0.08,77.4,MP1100_Dgnwa,Doganwa_Khargone,Khargon,Narmada,Veda,22.114722222222223,74.6686111111111,440985878,7,8465.050850924663,285.196,0.3871,True,0.2355,5
Kumhari,BALAGHAT,Godavari,Godavari,21.88444444,80.17527778,2001-01-01,2025-12-31,8383,8.19,99.87,MP0610_BLGHT,Balaghat,Balaghat,Godavari,Wainganga,21.80388888888889,80.16166666666666,440760233,6,20715.150243013453,9.067,0.2667,True,0.6935,1
Kumhari,BALAGHAT,Godavari,Godavari,21.88444444,80.17527778,2001-01-01,2025-12-31,8383,8.19,99.87,MP0610_CHNDL,Chhindlai,Balaghat,Godavari,Wainganga,22.01833333333333,80.11083333333332,440760233,6,47039.29789818593,16.304,0.375,True,0.6916,2
Kumhari,BALAGHAT,Godavari,Godavari,21.88444444,80.17527778,2001-01-01,2025-12-31,8383,8.19,99.87,MP0610_KHARI,Khairi,Balaghat,Godavari,Wainganga,21.54583333333333,79.97472222222223,440823533,6,588.4311506029227,42.976,0.7692,True,0.6829,3
Kumhari,BALAGHAT,Godavari,Godavari,21.88444444,80.17527778,2001-01-01,2025-12-31,8383,8.19,99.87,MP0613_RMPLI,Rampaili,Balaghat,Godavari,Wainganga,21.76083333333333,80.0375,440840042,6,20170.546723478277,19.779,0.4,True,0.6812,4
Kumhari,BALAGHAT,Godavari,Godavari,21.88444444,80.17527778,2001-01-01,2025-12-31,8383,8.19,99.87,MP0612_MNPUR,Manpur,Balaghat,Godavari,Wainganga,22.025,80.1525,440760233,6,47185.618457486766,15.805,0.3077,True,0.6708,5
Lodhikheda,CHHINDWARA,Godavari,Godavari,21.57944444,78.86583333,2019-08-17,2025-12-31,1317,43.45,98.86,MP0623_LDKDA,Lodhikheda,Chhindwara,Godavari,Wainganga,21.579166666666666,78.86611111111111,440785017,6,50175.54147903866,0.042,1.0,True,0.9998,1
Lodhikheda,CHHINDWARA,Godavari,Godavari,21.57944444,78.86583333,2019-08-17,2025-12-31,1317,43.45,98.86,MP0622_RMKON,Ramakona,Chhindwara,Godavari,Wainganga,21.68722222222221,78.84944444444443,440785017,6,61431.08866785153,12.103,0.2222,True,0.6612,2
Lodhikheda,CHHINDWARA,Godavari,Godavari,21.57944444,78.86583333,2019-08-17,2025-12-31,1317,43.45,98.86,MP0623_JAM,Jam,Chhindwara,Godavari,Wainganga,21.57,78.73555555555555,440785017,6,60256.310800017054,13.512,0.1538,True,0.6295,3
Lodhikheda,CHHINDWARA,Godavari,Godavari,21.57944444,78.86583333,2019-08-17,2025-12-31,1317,43.45,98.86,MP0620_HRKHR,Hirankheri,Chhindwara,Godavari,Wainganga,21.962499999999995,79.1436111111111,440785017,6,83091.14737937962,51.352,0.5,True,0.5426,4
Lodhikheda,CHHINDWARA,Godavari,Godavari,21.57944444,78.86583333,2019-08-17,2025-12-31,1317,43.45,98.86,MP0622_BJGRA,Bijagora,Chhindwara,Godavari,Wainganga,21.981666666666666,78.61472222222223,440785017,6,105353.78793589726,51.698,0.2222,True,0.4434,5
Maan at Gopalpura,DHAR,Narmada,Narmada,22.2615,75.10194444,2019-06-01,2025-12-31,2350,2.33,78.21,MP1100_Plsud,Palsud,Khargon,Narmada,Goi,21.837499999999995,74.97083333333332,440965237,7,29552.319797309792,49.045,0.3478,True,0.502,1
Maan at Gopalpura,DHAR,Narmada,Narmada,22.2615,75.10194444,2019-06-01,2025-12-31,2350,2.33,78.21,MP1100_Dgnwa,Doganwa_Khargone,Khargon,Narmada,Veda,22.114722222222223,74.6686111111111,440985878,7,8465.050850924663,47.508,0.3125,True,0.4981,2
Maan at Gopalpura,DHAR,Narmada,Narmada,22.2615,75.10194444,2019-06-01,2025-12-31,2350,2.33,78.21,MP1100_Kuksi,Kukshi,Dhar,Narmada,Uri,22.20777777777778,74.7836111111111,440970741,7,15516.84636951086,33.305,0.087,True,0.4973,3
Maan at Gopalpura,DHAR,Narmada,Narmada,22.2615,75.10194444,2019-06-01,2025-12-31,2350,2.33,78.21,MP1100_Thkri,Thikri,Khargon,Narmada,Narmada,22.06666666666666,75.48333333333332,440970738,7,10335.4121083296,44.854,0.1739,True,0.4642,4
Maan at Gopalpura,DHAR,Narmada,Narmada,22.2615,75.10194444,2019-06-01,2025-12-31,2350,2.33,78.21,MP1100_Gujri,Gujri,Dhar,Narmada,Karam,22.558333333333334,75.51666666666667,440983121,7,47214.50288495643,53.916,0.2727,True,0.4489,5
Machak at Barangi,HARDA,Narmada,Narmada,22.21694444,76.945,2019-03-01,2025-12-31,2407,3.64,82.88,MP1100_Strna,Satrana,Sehore,Narmada,Kolar,22.672222222222224,77.355,440940446,7,7963.290483636937,65.866,0.4167,True,0.4336,1
Machak at Barangi,HARDA,Narmada,Narmada,22.21694444,76.945,2019-03-01,2025-12-31,2407,3.64,82.88,MP1100_Kmnkd,Kamankheda,Khandwa,Narmada,Kaveri,22.165,76.23333333333333,440928077,7,9885.832494857046,73.5,0.2963,True,0.3495,2
Machak at Barangi,HARDA,Narmada,Narmada,22.21694444,76.945,2019-03-01,2025-12-31,2407,3.64,82.88,MP1000_PALNG,Palinga,Betul,Tapi,Tapi,21.803611111111103,77.43305555555554,440988608,7,91401.8738920646,68.146,0.25,False,0.2627,3
Machak at Barangi,HARDA,Narmada,Narmada,22.21694444,76.945,2019-03-01,2025-12-31,2407,3.64,82.88,MP1100_Ktngi,Katangi_Jabalpur,Jabalpur,Narmada,Hiran,23.426666666666662,79.8175,441067015,6,35037.212388642554,323.666,0.4375,True,0.2531,4
Machak at Barangi,HARDA,Narmada,Narmada,22.21694444,76.945,2019-03-01,2025-12-31,2407,3.64,82.88,MP1100_Mocha,Mocha_Mandla,Mandla,Narmada,Banjar,22.3,80.46666666666665,440962463,6,36090.38781074412,362.522,0.4286,True,0.25,5
Machna at Shahpur,BETUL,Narmada,Narmada,22.19472222,77.89833333,2019-07-01,2025-12-31,2376,0.0,75.93,MP1100_Shahp,Shahpur,Betul,Narmada,Tawa,22.133333333333336,77.96666666666665,440928059,7,78037.83516687452,9.804,0.5833,True,0.8002,1
Machna at Shahpur,BETUL,Narmada,Narmada,22.19472222,77.89833333,2019-07-01,2025-12-31,2376,0.0,75.93,MP1100_Dhlsr,Dhulsar_Dhar,Dhar,Narmada,Uri,22.17083333333333,77.90833333333333,440928059,7,70754.84359814823,2.849,0.2857,True,0.7343,2
Machna at Shahpur,BETUL,Narmada,Narmada,22.19472222,77.89833333,2019-07-01,2025-12-31,2376,0.0,75.93,MP1000_TESKA,Teska,Betul,Tapi,Tapi,21.81583333333333,77.77444444444443,440987232,7,102260.13781900889,44.024,0.0909,False,0.3397,3
Machna at Shahpur,BETUL,Narmada,Narmada,22.19472222,77.89833333,2019-07-01,2025-12-31,2376,0.0,75.93,MP1100_Strna,Satrana,Sehore,Narmada,Kolar,22.672222222222224,77.355,440940446,7,7963.290483636937,77.056,0.25,True,0.3137,4
Machna at Shahpur,BETUL,Narmada,Narmada,22.19472222,77.89833333,2019-07-01,2025-12-31,2376,0.0,75.93,MP1000_PALNG,Palinga,Betul,Tapi,Tapi,21.803611111111103,77.43305555555554,440988608,7,91401.8738920646,64.749,0.25,False,0.2814,5
Machrewa at Bakori,NARSIMHAPUR,Narmada,Narmada,22.84416667,79.36555556,2019-06-01,2025-12-31,2406,0.0,86.24,MP1100_Mergn,Meregaon_Jabalpur,Jabalpur,Narmada,Hiran,23.15805555555556,79.3861111111111,441069768,6,5404.338366277713,34.966,0.4706,True,0.6224,1
Machrewa at Bakori,NARSIMHAPUR,Narmada,Narmada,22.84416667,79.36555556,2019-06-01,2025-12-31,2406,0.0,86.24,MP1100_Slwda,Saliwada_Jabalpur,Jabalpur,Narmada,Gour,23.11805555555556,80.01222222222222,441011977,6,7481.550363052474,72.869,0.4118,True,0.3933,2
Machrewa at Bakori,NARSIMHAPUR,Narmada,Narmada,22.84416667,79.36555556,2019-06-01,2025-12-31,2406,0.0,86.24,MP1100_Ktngi,Katangi_Jabalpur,Jabalpur,Narmada,Hiran,23.426666666666662,79.8175,441067015,6,35037.212388642554,79.567,0.303,True,0.3184,3
Machrewa at Bakori,NARSIMHAPUR,Narmada,Narmada,22.84416667,79.36555556,2019-06-01,2025-12-31,2406,0.0,86.24,MP1100_Pangr,Panagar_Narsinghpur,Narsimhapur,Narmada,Dudhi,22.835277777777776,78.60333333333334,441043628,6,21128.049975171427,78.116,0.1667,True,0.2787,4
Machrewa at Bakori,NARSIMHAPUR,Narmada,Narmada,22.84416667,79.36555556,2019-06-01,2025-12-31,2406,0.0,86.24,MP1100_Tamer,Temar_Jabalpur,Jabalpur,Narmada,Tamer,22.7,80.39166666666667,440932188,6,6856.1959421849615,106.419,0.4516,True,0.2581,5
Magardharra,BALAGHAT,Godavari,Godavari,21.95583333,80.10916667,2020-06-01,2025-12-24,1734,14.71,99.77,MP0612_MNPUR,Manpur,Balaghat,Godavari,Wainganga,22.025,80.1525,440760233,6,47185.618457486766,8.895,0.3529,True,0.7246,1
Magardharra,BALAGHAT,Godavari,Godavari,21.95583333,80.10916667,2020-06-01,2025-12-24,1734,14.71,99.77,MP0610_BLGHT,Balaghat,Balaghat,Godavari,Wainganga,21.80388888888889,80.16166666666666,440760233,6,20715.150243013453,17.743,0.4211,True,0.6998,2
Magardharra,BALAGHAT,Godavari,Godavari,21.95583333,80.10916667,2020-06-01,2025-12-24,1734,14.71,99.77,MP0610_CHNDL,Chhindlai,Balaghat,Godavari,Wainganga,22.01833333333333,80.11083333333332,440760233,6,47039.29789818593,6.952,0.1,True,0.6468,3
Magardharra,BALAGHAT,Godavari,Godavari,21.95583333,80.10916667,2020-06-01,2025-12-24,1734,14.71,99.77,MP0613_RMPLI,Rampaili,Balaghat,Godavari,Wainganga,21.76083333333333,80.0375,440840042,6,20170.546723478277,22.91,0.2105,True,0.5977,4
Magardharra,BALAGHAT,Godavari,Godavari,21.95583333,80.10916667,2020-06-01,2025-12-24,1734,14.71,99.77,MP0611_RTNPR,Ratanpur,Seoni,Godavari,Wainganga,22.18305555555555,79.96027777777778,440962463,6,66462.31729945733,29.56,0.2105,True,0.5611,5
Mandla,MANDLA,Narmada,Narmada,22.59833333,80.36527778,2020-10-01,2025-12-31,1918,0.0,100.0,MP1100_Bmhni,Bamhni_Mandla,Mandla,Narmada,Banjar,22.48333333333333,80.36666666666666,440962463,6,12335.25192320282,12.788,0.6667,True,0.813,1
Mandla,MANDLA,Narmada,Narmada,22.59833333,80.36527778,2020-10-01,2025-12-31,1918,0.0,100.0,MP1100_Mocha,Mocha_Mandla,Mandla,Narmada,Banjar,22.3,80.46666666666665,440962463,6,36090.38781074412,34.771,0.7059,True,0.7058,2
Mandla,MANDLA,Narmada,Narmada,22.59833333,80.36527778,2020-10-01,2025-12-31,1918,0.0,100.0,MP1100_Tamer,Temar_Jabalpur,Jabalpur,Narmada,Tamer,22.7,80.39166666666667,440932188,6,6856.1959421849615,11.625,0.3158,True,0.6966,3
Mandla,MANDLA,Narmada,Narmada,22.59833333,80.36527778,2020-10-01,2025-12-31,1918,0.0,100.0,MP1100_Ghgri,Ghughari_Mandla,Mandla,Narmada,Burhner,22.67333333333333,80.72055555555553,440962463,6,40562.4483671878,37.404,0.6,True,0.6543,4
Mandla,MANDLA,Narmada,Narmada,22.59833333,80.36527778,2020-10-01,2025-12-31,1918,0.0,100.0,MP1100_Halon,Halon_Mandala,Mandla,Narmada,Burhner,22.39888888888888,80.79527777777778,440962463,6,52541.28072218832,49.429,0.6667,True,0.6115,5
Mandleshwar,Khargone,Narmada,Narmada,22.17166667,75.66111111,2001-01-01,2025-12-31,8826,3.34,100.0,MP1100_Thkri,Thikri,Khargon,Narmada,Narmada,22.06666666666666,75.48333333333332,440970738,7,10335.4121083296,21.718,0.2353,True,0.6129,1
Mandleshwar,Khargone,Narmada,Narmada,22.17166667,75.66111111,2001-01-01,2025-12-31,8826,3.34,100.0,MP1100_Bmnla,Bamnalla_Khargone,Khargon,Narmada,Veda,21.834444444444443,75.83583333333333,440976241,7,39820.51257861692,41.6,0.4444,True,0.5768,2
Mandleshwar,Khargone,Narmada,Narmada,22.17166667,75.66111111,2001-01-01,2025-12-31,8826,3.34,100.0,MP1100_Bhdli,Bhadli,Khargon,Narmada,Veda,21.850833333333327,75.60527777777777,440983121,7,37207.352799811175,36.136,0.3529,True,0.5748,3
Mandleshwar,Khargone,Narmada,Narmada,22.17166667,75.66111111,2001-01-01,2025-12-31,8826,3.34,100.0,MP1100_Kmnkd,Kamankheda,Khandwa,Narmada,Kaveri,22.165,76.23333333333333,440928077,7,9885.832494857046,58.929,0.4762,True,0.4926,4
Mandleshwar,Khargone,Narmada,Narmada,22.17166667,75.66111111,2001-01-01,2025-12-31,8826,3.34,100.0,MP1100_Gujri,Gujri,Dhar,Narmada,Karam,22.558333333333334,75.51666666666667,440983121,7,47214.50288495643,45.489,0.125,True,0.4436,5
Manot,MANDLA,Narmada,Narmada,22.73583333,80.51305556,2001-01-01,2025-12-31,8787,3.77,98.67,MP1100_Tamer,Temar_Jabalpur,Jabalpur,Narmada,Tamer,22.7,80.39166666666667,440932188,6,6856.1959421849615,13.073,0.2222,True,0.6559,1
Manot,MANDLA,Narmada,Narmada,22.73583333,80.51305556,2001-01-01,2025-12-31,8787,3.77,98.67,MP1100_Ghgri,Ghughari_Mandla,Mandla,Narmada,Burhner,22.67333333333333,80.72055555555553,440962463,6,40562.4483671878,22.391,0.3158,True,0.6374,2
Manot,MANDLA,Narmada,Narmada,22.73583333,80.51305556,2001-01-01,2025-12-31,8787,3.77,98.67,MP1100_Bmhni,Bamhni_Mandla,Mandla,Narmada,Banjar,22.48333333333333,80.36666666666666,440962463,6,12335.25192320282,31.845,0.3529,True,0.5984,3
Manot,MANDLA,Narmada,Narmada,22.73583333,80.51305556,2001-01-01,2025-12-31,8787,3.77,98.67,MP1100_Sakka,Sakke_Mandla,Mandla,Narmada,Kharmer,22.9,80.89999999999999,440932188,6,67548.04520713889,43.659,0.375,True,0.5411,4
Manot,MANDLA,Narmada,Narmada,22.73583333,80.51305556,2001-01-01,2025-12-31,8787,3.77,98.67,MP1100_Brtla,Behratola_Mandla,Mandla,Narmada,Burhner,22.5425,80.87,440962463,6,56038.311650724536,42.474,0.3,True,0.5214,5
Mataji,RATLAM,Mahi,Mahi,23.34972222,74.71805556,2001-01-01,2025-10-28,5464,39.74,68.83,MP1204_KNDPR,KUNDANPUR,Ratlam,Mahi,Telni,23.377777777777776,74.60666666666667,441122033,6,61305.44907870293,11.791,0.1333,True,0.6318,1
Mataji,RATLAM,Mahi,Mahi,23.34972222,74.71805556,2001-01-01,2025-10-28,5464,39.74,68.83,MP1202_DABRI,Dabri,Ratlam,Mahi,Undwa,23.175833333333333,74.93194444444444,441122033,6,104823.3751256282,29.177,0.3636,True,0.6168,2
Mataji,RATLAM,Mahi,Mahi,23.34972222,74.71805556,2001-01-01,2025-10-28,5464,39.74,68.83,MP1203_BMNYA,Bamnia,Jhabua,Mahi,Larki,23.09972222222222,74.78861111111111,441020217,6,95789.2202912762,28.718,0.3333,True,0.6087,3
Mataji,RATLAM,Mahi,Mahi,23.34972222,74.71805556,2001-01-01,2025-10-28,5464,39.74,68.83,MP1200_MAHI,MAHI,Dhar,Mahi,Mahi,23.038888888888884,75.01555555555555,441003763,7,112990.5370085268,46.035,0.6,True,0.6068,4
Mataji,RATLAM,Mahi,Mahi,23.34972222,74.71805556,2001-01-01,2025-10-28,5464,39.74,68.83,MP1200_RNSGH,RaniSingh,Ratlam,Mahi,Mahi,23.15833333333333,74.91666666666666,441122033,6,104445.078273157,29.404,0.2667,True,0.5816,5
Matiyari at Katangatola,MANDLA,Narmada,Narmada,22.51777778,80.40661111,2019-07-01,2025-12-31,2354,0.93,88.74,MP1100_Bmhni,Bamhni_Mandla,Mandla,Narmada,Banjar,22.48333333333333,80.36666666666666,440962463,6,12335.25192320282,5.613,0.2857,True,0.7191,1
Matiyari at Katangatola,MANDLA,Narmada,Narmada,22.51777778,80.40661111,2019-07-01,2025-12-31,2354,0.93,88.74,MP1100_Tamer,Temar_Jabalpur,Jabalpur,Narmada,Tamer,22.7,80.39166666666667,440932188,6,6856.1959421849615,20.32,0.2222,True,0.616,2
Matiyari at Katangatola,MANDLA,Narmada,Narmada,22.51777778,80.40661111,2019-07-01,2025-12-31,2354,0.93,88.74,MP1100_Mocha,Mocha_Mandla,Mandla,Narmada,Banjar,22.3,80.46666666666665,440962463,6,36090.38781074412,24.99,0.2941,True,0.6155,3
Matiyari at Katangatola,MANDLA,Narmada,Narmada,22.51777778,80.40661111,2019-07-01,2025-12-31,2354,0.93,88.74,MP1100_Ghgri,Ghughari_Mandla,Mandla,Narmada,Burhner,22.67333333333333,80.72055555555553,440962463,6,40562.4483671878,36.578,0.3784,True,0.5813,4
Matiyari at Katangatola,MANDLA,Narmada,Narmada,22.51777778,80.40661111,2019-07-01,2025-12-31,2354,0.93,88.74,MP1100_Halon,Halon_Mandala,Mandla,Narmada,Burhner,22.39888888888888,80.79527777777778,440962463,6,52541.28072218832,42.071,0.2857,True,0.5186,5
Mohgaon,MANDLA,Narmada,Narmada,22.76583333,80.62333333,2001-01-01,2025-12-31,8959,1.88,97.67,MP1100_Ghgri,Ghughari_Mandla,Mandla,Narmada,Burhner,22.67333333333333,80.72055555555553,440962463,6,40562.4483671878,14.326,0.2857,True,0.6712,1
Mohgaon,MANDLA,Narmada,Narmada,22.76583333,80.62333333,2001-01-01,2025-12-31,8959,1.88,97.67,MP1100_Sakka,Sakke_Mandla,Mandla,Narmada,Kharmer,22.9,80.89999999999999,440932188,6,67548.04520713889,32.039,0.3333,True,0.5905,2
Mohgaon,MANDLA,Narmada,Narmada,22.76583333,80.62333333,2001-01-01,2025-12-31,8959,1.88,97.67,MP1100_Tamer,Temar_Jabalpur,Jabalpur,Narmada,Tamer,22.7,80.39166666666667,440932188,6,6856.1959421849615,24.861,0.2,True,0.5833,3
Mohgaon,MANDLA,Narmada,Narmada,22.76583333,80.62333333,2001-01-01,2025-12-31,8959,1.88,97.67,MP1100_Bmhni,Bamhni_Mandla,Mandla,Narmada,Banjar,22.48333333333333,80.36666666666666,440962463,6,12335.25192320282,40.997,0.4211,True,0.5719,4
Mohgaon,MANDLA,Narmada,Narmada,22.76583333,80.62333333,2001-01-01,2025-12-31,8959,1.88,97.67,MP1100_Halon,Halon_Mandala,Mandla,Narmada,Burhner,22.39888888888888,80.79527777777778,440962463,6,52541.28072218832,44.458,0.4211,True,0.5529,5
Mortakka,Khandwa,Narmada,Narmada,22.22305556,76.04386111,2001-01-01,2007-06-30,2326,1.94,100.0,MP1100_Kmnkd,Kamankheda,Khandwa,Narmada,Kaveri,22.165,76.23333333333333,440928077,7,9885.832494857046,20.548,0.2222,True,0.6148,1
Mortakka,Khandwa,Narmada,Narmada,22.22305556,76.04386111,2001-01-01,2007-06-30,2326,1.94,100.0,MP1100_Bmnla,Bamnalla_Khargone,Khargon,Narmada,Veda,21.834444444444443,75.83583333333333,440976241,7,39820.51257861692,48.239,0.3333,True,0.5013,2
Mortakka,Khandwa,Narmada,Narmada,22.22305556,76.04386111,2001-01-01,2007-06-30,2326,1.94,100.0,MP1100_Thkri,Thikri,Khargon,Narmada,Narmada,22.06666666666666,75.48333333333332,440970738,7,10335.4121083296,60.292,0.1429,True,0.3684,3
Mortakka,Khandwa,Narmada,Narmada,22.22305556,76.04386111,2001-01-01,2007-06-30,2326,1.94,100.0,MP1100_Bhdli,Bhadli,Khargon,Narmada,Veda,21.850833333333327,75.60527777777777,440983121,7,37207.352799811175,61.291,0.1429,True,0.3629,4
Mortakka,Khandwa,Narmada,Narmada,22.22305556,76.04386111,2001-01-01,2007-06-30,2326,1.94,100.0,MP1100_Gujri,Gujri,Dhar,Narmada,Karam,22.558333333333334,75.51666666666667,440983121,7,47214.50288495643,65.785,0.1538,True,0.342,5
Mukki,BALAGHAT,Narmada,Narmada,22.14944444,80.66555556,2020-06-01,2020-08-09,53,24.29,67.92,MP1100_Mocha,Mocha_Mandla,Mandla,Narmada,Banjar,22.3,80.46666666666665,440962463,6,36090.38781074412,26.446,0.125,True,0.5483,1
Mukki,BALAGHAT,Narmada,Narmada,22.14944444,80.66555556,2020-06-01,2020-08-09,53,24.29,67.92,MP1100_Halon,Halon_Mandala,Mandla,Narmada,Burhner,22.39888888888888,80.79527777777778,440962463,6,52541.28072218832,30.782,0.1176,True,0.5219,2
Mukki,BALAGHAT,Narmada,Narmada,22.14944444,80.66555556,2020-06-01,2020-08-09,53,24.29,67.92,MP1100_Bmhni,Bamhni_Mandla,Mandla,Narmada,Banjar,22.48333333333333,80.36666666666666,440962463,6,12335.25192320282,48.205,0.2353,True,0.4672,3
Mukki,BALAGHAT,Narmada,Narmada,22.14944444,80.66555556,2020-06-01,2020-08-09,53,24.29,67.92,MP1100_Brtla,Behratola_Mandla,Mandla,Narmada,Burhner,22.5425,80.87,440962463,6,56038.311650724536,48.5,0.1,True,0.4182,4
Mukki,BALAGHAT,Narmada,Narmada,22.14944444,80.66555556,2020-06-01,2020-08-09,53,24.29,67.92,MP0612_MNPUR,Manpur,Balaghat,Godavari,Wainganga,22.025,80.1525,440760233,6,47185.618457486766,54.644,0.3636,False,0.3767,5
Narmadapuram,HOSHANGABAD,Narmada,Narmada,22.7558,77.7333,2001-01-01,2025-12-31,9011,1.31,100.0,MP1100_Strna,Satrana,Sehore,Narmada,Kolar,22.672222222222224,77.355,440940446,7,7963.290483636937,39.9,0.2105,True,0.5042,1
Narmadapuram,HOSHANGABAD,Narmada,Narmada,22.7558,77.7333,2001-01-01,2025-12-31,9011,1.31,100.0,MP1100_Dhlsr,Dhulsar_Dhar,Dhar,Narmada,Uri,22.17083333333333,77.90833333333333,440928059,7,70754.84359814823,67.486,0.3478,True,0.4006,2
Narmadapuram,HOSHANGABAD,Narmada,Narmada,22.7558,77.7333,2001-01-01,2025-12-31,9011,1.31,100.0,MP1100_Shahp,Shahpur,Betul,Narmada,Tawa,22.133333333333336,77.96666666666665,440928059,7,78037.83516687452,73.253,0.4211,True,0.3945,3
Narmadapuram,HOSHANGABAD,Narmada,Narmada,22.7558,77.7333,2001-01-01,2025-12-31,9011,1.31,100.0,MP0220_Nmkhd,Neemkheda,Raisen,Ganga,Yamuna,23.27694444444445,77.68222222222222,441021618,6,52191.30697893914,58.184,0.381,False,0.3633,4
Narmadapuram,HOSHANGABAD,Narmada,Narmada,22.7558,77.7333,2001-01-01,2025-12-31,9011,1.31,100.0,MP1100_Nrngr,Noornagar,Raisen,Narmada,Tenduni,23.11138888888889,78.40277777777777,441050508,6,14617.204139428162,79.143,0.2857,True,0.3147,5
Palakmati at Sohagpur,HOSHANGABAD,Narmada,Narmada,22.69694444,78.20138889,2019-06-01,2025-12-31,2406,0.0,68.08,MP1100_Pangr,Panagar_Narsinghpur,Narsimhapur,Narmada,Dudhi,22.835277777777776,78.60333333333334,441043628,6,21128.049975171427,43.989,0.359,True,0.5337,1
Palakmati at Sohagpur,HOSHANGABAD,Narmada,Narmada,22.69694444,78.20138889,2019-06-01,2025-12-31,2406,0.0,68.08,MP1100_Nrngr,Noornagar,Raisen,Narmada,Tenduni,23.11138888888889,78.40277777777777,441050508,6,14617.204139428162,50.49,0.2667,True,0.4656,2
Palakmati at Sohagpur,HOSHANGABAD,Narmada,Narmada,22.69694444,78.20138889,2019-06-01,2025-12-31,2406,0.0,68.08,MP1100_Shahp,Shahpur,Betul,Narmada,Tawa,22.133333333333336,77.96666666666665,440928059,7,78037.83516687452,67.155,0.4286,True,0.4306,3
Palakmati at Sohagpur,HOSHANGABAD,Narmada,Narmada,22.69694444,78.20138889,2019-06-01,2025-12-31,2406,0.0,68.08,MP1100_Dhlsr,Dhulsar_Dhar,Dhar,Narmada,Uri,22.17083333333333,77.90833333333333,440928059,7,70754.84359814823,65.8,0.25,True,0.3756,4
Palakmati at Sohagpur,HOSHANGABAD,Narmada,Narmada,22.69694444,78.20138889,2019-06-01,2025-12-31,2406,0.0,68.08,MP1100_Strna,Satrana,Sehore,Narmada,Kolar,22.672222222222224,77.355,440940446,7,7963.290483636937,86.877,0.2857,True,0.2722,5
Patan,JABALPUR,Narmada,Narmada,23.31166667,79.66277778,2001-01-01,2025-12-31,8375,8.28,91.81,MP1100_Ktngi,Katangi_Jabalpur,Jabalpur,Narmada,Hiran,23.426666666666662,79.8175,441067015,6,35037.212388642554,20.321,0.4,True,0.6782,1
Patan,JABALPUR,Narmada,Narmada,23.31166667,79.66277778,2001-01-01,2025-12-31,8375,8.28,91.81,MP1100_Mergn,Meregaon_Jabalpur,Jabalpur,Narmada,Hiran,23.15805555555556,79.3861111111111,441069768,6,5404.338366277713,33.029,0.0952,True,0.5017,2
Patan,JABALPUR,Narmada,Narmada,23.31166667,79.66277778,2001-01-01,2025-12-31,8375,8.28,91.81,MP0261_Nohta,Nohta,Damoh,Ganga,Yamuna,23.68638888888889,79.56666666666665,441072519,6,66042.05778192136,42.804,0.4,False,0.4546,3
Patan,JABALPUR,Narmada,Narmada,23.31166667,79.66277778,2001-01-01,2025-12-31,8375,8.28,91.81,MP1100_Slwda,Saliwada_Jabalpur,Jabalpur,Narmada,Gour,23.11805555555556,80.01222222222222,441011977,6,7481.550363052474,41.698,0.0952,True,0.454,4
Patan,JABALPUR,Narmada,Narmada,23.31166667,79.66277778,2001-01-01,2025-12-31,8375,8.28,91.81,MP1100_Sehra,Sihora_Jabalpur,Jabalpur,Narmada,Hiran,23.44055555555556,80.09055555555554,441045000,6,44226.15429169239,45.954,0.1053,True,0.4341,5
Pati,BARWANI,Narmada,Narmada,21.94361111,74.74583333,2001-01-01,2025-12-31,6802,25.51,60.95,MP1100_Plsud,Palsud,Khargon,Narmada,Goi,21.837499999999995,74.97083333333332,440965237,7,29552.319797309792,26.041,0.4,True,0.6468,1
Pati,BARWANI,Narmada,Narmada,21.94361111,74.74583333,2001-01-01,2025-12-31,6802,25.51,60.95,MP1100_Dgnwa,Doganwa_Khargone,Khargon,Narmada,Veda,22.114722222222223,74.6686111111111,440985878,7,8465.050850924663,20.625,0.1053,True,0.5734,2
Pati,BARWANI,Narmada,Narmada,21.94361111,74.74583333,2001-01-01,2025-12-31,6802,25.51,60.95,MP1100_Kuksi,Kukshi,Dhar,Narmada,Uri,22.20777777777778,74.7836111111111,440970741,7,15516.84636951086,29.631,0.2,True,0.557,3
Pati,BARWANI,Narmada,Narmada,21.94361111,74.74583333,2001-01-01,2025-12-31,6802,25.51,60.95,MP1002_PNSML,Pansemal,Badwani,Tapi,Gomai,21.653888888888886,74.68416666666667,440822163,6,29554.598186886447,32.839,0.3333,False,0.4861,4
Pati,BARWANI,Narmada,Narmada,21.94361111,74.74583333,2001-01-01,2025-12-31,6802,25.51,60.95,MP1100_Thkri,Thikri,Khargon,Narmada,Narmada,22.06666666666666,75.48333333333332,440970738,7,10335.4121083296,77.254,0.4,True,0.3651,5
Rajegaon,BALAGHAT,Godavari,Godavari,21.62388889,80.25333333,2001-01-01,2025-12-31,7956,12.87,83.48,MP0615_KRNPR,Kiranapur,Balaghat,Godavari,Wainganga,21.59083333333333,80.36527777777778,440760233,6,20080.631148727203,12.143,0.3529,True,0.7067,1
Rajegaon,BALAGHAT,Godavari,Godavari,21.62388889,80.25333333,2001-01-01,2025-12-31,7956,12.87,83.48,MP0614_MOHDA,Mohuda,Balaghat,Godavari,Wainganga,21.655555555555555,80.28611111111111,440760233,6,10971.496262375102,4.886,0.1429,True,0.6731,2
Rajegaon,BALAGHAT,Godavari,Godavari,21.62388889,80.25333333,2001-01-01,2025-12-31,7956,12.87,83.48,MP0610_BLGHT,Balaghat,Balaghat,Godavari,Wainganga,21.80388888888889,80.16166666666666,440760233,6,20715.150243013453,22.142,0.375,True,0.6595,3
Rajegaon,BALAGHAT,Godavari,Godavari,21.62388889,80.25333333,2001-01-01,2025-12-31,7956,12.87,83.48,MP0613_RMPLI,Rampaili,Balaghat,Godavari,Wainganga,21.76083333333333,80.0375,440840042,6,20170.546723478277,27.003,0.375,True,0.6327,4
Rajegaon,BALAGHAT,Godavari,Godavari,21.62388889,80.25333333,2001-01-01,2025-12-31,7956,12.87,83.48,MP0610_KHARI,Khairi,Balaghat,Godavari,Wainganga,21.54583333333333,79.97472222222223,440823533,6,588.4311506029227,30.087,0.1429,True,0.5345,5
Ramakona,UMARIA,Godavari,Godavari,21.71888889,78.82416667,2001-01-01,2025-12-18,7540,17.31,90.6,MP0622_RMKON,Ramakona,Chhindwara,Godavari,Wainganga,21.68722222222221,78.84944444444443,440785017,6,61431.08866785153,4.384,1.0,True,0.9759,1
Ramakona,UMARIA,Godavari,Godavari,21.71888889,78.82416667,2001-01-01,2025-12-18,7540,17.31,90.6,MP0623_JAM,Jam,Chhindwara,Godavari,Wainganga,21.57,78.73555555555555,440785017,6,60256.310800017054,18.92,0.3636,True,0.6732,2
Ramakona,UMARIA,Godavari,Godavari,21.71888889,78.82416667,2001-01-01,2025-12-18,7540,17.31,90.6,MP0623_LDKDA,Lodhikheda,Chhindwara,Godavari,Wainganga,21.579166666666666,78.86611111111111,440785017,6,50175.54147903866,16.13,0.1111,True,0.6002,3
Ramakona,UMARIA,Godavari,Godavari,21.71888889,78.82416667,2001-01-01,2025-12-18,7540,17.31,90.6,MP0622_BJGRA,Bijagora,Chhindwara,Godavari,Wainganga,21.981666666666666,78.61472222222223,440785017,6,105353.78793589726,36.346,0.25,True,0.5376,4
Ramakona,UMARIA,Godavari,Godavari,21.71888889,78.82416667,2001-01-01,2025-12-18,7540,17.31,90.6,MP0621_CHAND,Chand,Chhindwara,Godavari,Wainganga,21.950277777777774,79.1247222222222,440785017,6,81726.82298504395,40.304,0.3077,True,0.536,5
Sandia,HOSHANGABAD,Narmada,Narmada,22.91611111,78.3475,2001-01-01,2025-12-31,8967,1.8,98.97,MP1100_Nrngr,Noornagar,Raisen,Narmada,Tenduni,23.11138888888889,78.40277777777777,441050508,6,14617.204139428162,22.439,0.2667,True,0.6199,1
Sandia,HOSHANGABAD,Narmada,Narmada,22.91611111,78.3475,2001-01-01,2025-12-31,8967,1.8,98.97,MP1100_Pangr,Panagar_Narsinghpur,Narsimhapur,Narmada,Dudhi,22.835277777777776,78.60333333333334,441043628,6,21128.049975171427,27.708,0.25,True,0.5851,2
Sandia,HOSHANGABAD,Narmada,Narmada,22.91611111,78.3475,2001-01-01,2025-12-31,8967,1.8,98.97,MP1100_Strna,Satrana,Sehore,Narmada,Kolar,22.672222222222224,77.355,440940446,7,7963.290483636937,105.294,0.6154,True,0.3154,3
Sandia,HOSHANGABAD,Narmada,Narmada,22.91611111,78.3475,2001-01-01,2025-12-31,8967,1.8,98.97,MP1100_Sakka,Sakke_Mandla,Mandla,Narmada,Kharmer,22.9,80.89999999999999,440932188,6,67548.04520713889,261.443,0.5882,True,0.3059,4
Sandia,HOSHANGABAD,Narmada,Narmada,22.91611111,78.3475,2001-01-01,2025-12-31,8967,1.8,98.97,MP1100_Dhlsr,Dhulsar_Dhar,Dhar,Narmada,Uri,22.17083333333333,77.90833333333333,440928059,7,70754.84359814823,94.349,0.4706,True,0.2958,5
Saner at Chargawan,JABALPUR,Narmada,Narmada,23.05333333,79.59916667,2019-06-01,2025-12-31,2406,0.0,100.0,MP1100_Mergn,Meregaon_Jabalpur,Jabalpur,Narmada,Hiran,23.15805555555556,79.3861111111111,441069768,6,5404.338366277713,24.707,0.2941,True,0.6171,1
Saner at Chargawan,JABALPUR,Narmada,Narmada,23.05333333,79.59916667,2019-06-01,2025-12-31,2406,0.0,100.0,MP1100_Slwda,Saliwada_Jabalpur,Jabalpur,Narmada,Gour,23.11805555555556,80.01222222222222,441011977,6,7481.550363052474,42.86,0.2353,True,0.4966,2
Saner at Chargawan,JABALPUR,Narmada,Narmada,23.05333333,79.59916667,2019-06-01,2025-12-31,2406,0.0,100.0,MP1100_Ktngi,Katangi_Jabalpur,Jabalpur,Narmada,Hiran,23.426666666666662,79.8175,441067015,6,35037.212388642554,47.127,0.1818,True,0.4544,3
Saner at Chargawan,JABALPUR,Narmada,Narmada,23.05333333,79.59916667,2019-06-01,2025-12-31,2406,0.0,100.0,MP1100_Sehra,Sihora_Jabalpur,Jabalpur,Narmada,Hiran,23.44055555555556,80.09055555555554,441045000,6,44226.15429169239,66.139,0.1875,True,0.3519,4
Saner at Chargawan,JABALPUR,Narmada,Narmada,23.05333333,79.59916667,2019-06-01,2025-12-31,2406,0.0,100.0,MP1100_Khrni,Khirhani_Jabalpur,Jabalpur,Narmada,Heran,23.416666666666664,80.26666666666667,441045000,6,52723.02626335636,79.271,0.1765,True,0.2758,5
Sher at Kacchara,NARSIMHAPUR,Narmada,Narmada,22.82361111,79.45777778,2019-06-01,2025-12-31,2406,0.0,75.56,MP1100_Mergn,Meregaon_Jabalpur,Jabalpur,Narmada,Hiran,23.15805555555556,79.3861111111111,441069768,6,5404.338366277713,37.905,0.375,True,0.5728,1
Sher at Kacchara,NARSIMHAPUR,Narmada,Narmada,22.82361111,79.45777778,2019-06-01,2025-12-31,2406,0.0,75.56,MP1100_Ktngi,Katangi_Jabalpur,Jabalpur,Narmada,Hiran,23.426666666666662,79.8175,441067015,6,35037.212388642554,76.484,0.3226,True,0.3422,2
Sher at Kacchara,NARSIMHAPUR,Narmada,Narmada,22.82361111,79.45777778,2019-06-01,2025-12-31,2406,0.0,75.56,MP1100_Slwda,Saliwada_Jabalpur,Jabalpur,Narmada,Gour,23.11805555555556,80.01222222222222,441011977,6,7481.550363052474,65.528,0.125,True,0.3333,3
Sher at Kacchara,NARSIMHAPUR,Narmada,Narmada,22.82361111,79.45777778,2019-06-01,2025-12-31,2406,0.0,75.56,MP0610_DEGHT,Deoghat,Seoni,Godavari,Wainganga,22.385555555555555,79.81333333333333,440912919,6,53230.80136527721,60.867,0.2609,False,0.3065,4
Sher at Kacchara,NARSIMHAPUR,Narmada,Narmada,22.82361111,79.45777778,2019-06-01,2025-12-31,2406,0.0,75.56,MP1100_Pangr,Panagar_Narsinghpur,Narsimhapur,Narmada,Dudhi,22.835277777777776,78.60333333333334,441043628,6,21128.049975171427,87.577,0.2941,True,0.2713,5
Silgi at Kotrai,DINDORI,Narmada,Narmada,22.98527778,80.59611111,2019-06-21,2025-12-31,2253,5.57,94.9,MP1100_Sakka,Sakke_Mandla,Mandla,Narmada,Kharmer,22.9,80.89999999999999,440932188,6,67548.04520713889,32.531,0.2308,True,0.5519,1
Silgi at Kotrai,DINDORI,Narmada,Narmada,22.98527778,80.59611111,2019-06-21,2025-12-31,2253,5.57,94.9,MP1100_Ghgri,Ghughari_Mandla,Mandla,Narmada,Burhner,22.67333333333333,80.72055555555553,440962463,6,40562.4483671878,36.957,0.2069,True,0.5192,2
Silgi at Kotrai,DINDORI,Narmada,Narmada,22.98527778,80.59611111,2019-06-21,2025-12-31,2253,5.57,94.9,MP1100_Tamer,Temar_Jabalpur,Jabalpur,Narmada,Tamer,22.7,80.39166666666667,440932188,6,6856.1959421849615,38.015,0.1429,True,0.4909,3
Silgi at Kotrai,DINDORI,Narmada,Narmada,22.98527778,80.59611111,2019-06-21,2025-12-31,2253,5.57,94.9,MP1100_Brtla,Behratola_Mandla,Mandla,Narmada,Burhner,22.5425,80.87,440962463,6,56038.311650724536,56.681,0.2667,True,0.4316,4
Silgi at Kotrai,DINDORI,Narmada,Narmada,22.98527778,80.59611111,2019-06-21,2025-12-31,2253,5.57,94.9,MP1100_Slwda,Saliwada_Jabalpur,Jabalpur,Narmada,Gour,23.11805555555556,80.01222222222222,441011977,6,7481.550363052474,61.539,0.2581,True,0.4019,5
Sip at Dholpur,SEHORE,Narmada,Narmada,22.60638889,77.19583333,2019-07-03,2025-11-16,2327,0.09,54.45,MP1100_Strna,Satrana,Sehore,Narmada,Kolar,22.672222222222224,77.355,440940446,7,7963.290483636937,17.9,0.381,True,0.6849,1
Sip at Dholpur,SEHORE,Narmada,Narmada,22.60638889,77.19583333,2019-07-03,2025-11-16,2327,0.09,54.45,MP1100_Shahp,Shahpur,Betul,Narmada,Tawa,22.133333333333336,77.96666666666665,440928059,7,78037.83516687452,95.128,0.5714,True,0.3268,2
Sip at Dholpur,SEHORE,Narmada,Narmada,22.60638889,77.19583333,2019-07-03,2025-11-16,2327,0.09,54.45,MP1100_Sehra,Sihora_Jabalpur,Jabalpur,Narmada,Hiran,23.44055555555556,80.09055555555554,441045000,6,44226.15429169239,310.413,0.5714,True,0.3,3
Sip at Dholpur,SEHORE,Narmada,Narmada,22.60638889,77.19583333,2019-07-03,2025-11-16,2327,0.09,54.45,MP1100_Slwda,Saliwada_Jabalpur,Jabalpur,Narmada,Gour,23.11805555555556,80.01222222222222,441011977,6,7481.550363052474,294.116,0.5333,True,0.2867,4
Sip at Dholpur,SEHORE,Narmada,Narmada,22.60638889,77.19583333,2019-07-03,2025-11-16,2327,0.09,54.45,MP1100_Dhlsr,Dhulsar_Dhar,Dhar,Narmada,Uri,22.17083333333333,77.90833333333333,440928059,7,70754.84359814823,87.817,0.32,True,0.279,5
Tapi at Burhanpur,BURHANPUR,Narmada,Narmada,21.29936778,76.23544278,2001-01-01,2016-05-01,4991,10.88,80.87,MP1100_Bmnla,Bamnalla_Khargone,Khargon,Narmada,Veda,21.834444444444443,75.83583333333333,440976241,7,39820.51257861692,72.441,0.303,True,0.3576,1
Tapi at Burhanpur,BURHANPUR,Narmada,Narmada,21.29936778,76.23544278,2001-01-01,2016-05-01,4991,10.88,80.87,MP1100_Ktngi,Katangi_Jabalpur,Jabalpur,Narmada,Hiran,23.426666666666662,79.8175,441067015,6,35037.212388642554,437.729,0.5625,True,0.2969,2
Tapi at Burhanpur,BURHANPUR,Narmada,Narmada,21.29936778,76.23544278,2001-01-01,2016-05-01,4991,10.88,80.87,MP1100_Tamer,Temar_Jabalpur,Jabalpur,Narmada,Tamer,22.7,80.39166666666667,440932188,6,6856.1959421849615,455.899,0.5333,True,0.2867,3
Tapi at Burhanpur,BURHANPUR,Narmada,Narmada,21.29936778,76.23544278,2001-01-01,2016-05-01,4991,10.88,80.87,MP1100_Khrni,Khirhani_Jabalpur,Jabalpur,Narmada,Heran,23.416666666666664,80.26666666666667,441045000,6,52723.02626335636,476.702,0.4848,True,0.2697,4
Tapi at Burhanpur,BURHANPUR,Narmada,Narmada,21.29936778,76.23544278,2001-01-01,2016-05-01,4991,10.88,80.87,MP1100_Slwda,Saliwada_Jabalpur,Jabalpur,Narmada,Gour,23.11805555555556,80.01222222222222,441011977,6,7481.550363052474,438.222,0.4848,True,0.2697,5
Tapi at Dedtalai,BURHANPUR,Narmada,Narmada,21.51283722,76.75800583,2014-06-01,2016-05-01,24,96.58,45.83,MP1100_Kmnkd,Kamankheda,Khandwa,Narmada,Kaveri,22.165,76.23333333333333,440928077,7,9885.832494857046,90.506,0.3846,True,0.2868,1
Tapi at Dedtalai,BURHANPUR,Narmada,Narmada,21.51283722,76.75800583,2014-06-01,2016-05-01,24,96.58,45.83,MP1100_Bmhni,Bamhni_Mandla,Mandla,Narmada,Banjar,22.48333333333333,80.36666666666666,440962463,6,12335.25192320282,387.371,0.4286,True,0.25,2
Tapi at Dedtalai,BURHANPUR,Narmada,Narmada,21.51283722,76.75800583,2014-06-01,2016-05-01,24,96.58,45.83,MP1100_Halon,Halon_Mandala,Mandla,Narmada,Burhner,22.39888888888888,80.79527777777778,440962463,6,52541.28072218832,427.846,0.4286,True,0.25,3
Tapi at Dedtalai,BURHANPUR,Narmada,Narmada,21.51283722,76.75800583,2014-06-01,2016-05-01,24,96.58,45.83,MP1000_PALNG,Palinga,Betul,Tapi,Tapi,21.803611111111103,77.43305555555554,440988608,7,91401.8738920646,76.891,0.3478,False,0.2488,4
Tapi at Dedtalai,BURHANPUR,Narmada,Narmada,21.51283722,76.75800583,2014-06-01,2016-05-01,24,96.58,45.83,MP1100_Ghgri,Ghughari_Mandla,Mandla,Narmada,Burhner,22.67333333333333,80.72055555555553,440962463,6,40562.4483671878,428.15,0.4,True,0.24,5
Tawa at Tawakathi,BETUL,Narmada,Narmada,22.21416667,77.95611111,2019-07-01,2025-12-31,2376,0.0,75.13,MP1100_Dhlsr,Dhulsar_Dhar,Dhar,Narmada,Uri,22.17083333333333,77.90833333333333,440928059,7,70754.84359814823,6.886,0.1429,True,0.6621,1
Tawa at Tawakathi,BETUL,Narmada,Narmada,22.21416667,77.95611111,2019-07-01,2025-12-31,2376,0.0,75.13,MP1100_Shahp,Shahpur,Betul,Narmada,Tawa,22.133333333333336,77.96666666666665,440928059,7,78037.83516687452,9.054,0.1667,True,0.6585,2
Tawa at Tawakathi,BETUL,Narmada,Narmada,22.21416667,77.95611111,2019-07-01,2025-12-31,2376,0.0,75.13,MP1000_TESKA,Teska,Betul,Tapi,Tapi,21.81583333333333,77.77444444444443,440987232,7,102260.13781900889,48.089,0.2727,False,0.381,3
Tawa at Tawakathi,BETUL,Narmada,Narmada,22.21416667,77.95611111,2019-07-01,2025-12-31,2376,0.0,75.13,MP1100_Strna,Satrana,Sehore,Narmada,Kolar,22.672222222222224,77.355,440940446,7,7963.290483636937,80.067,0.3333,True,0.3263,4
Tawa at Tawakathi,BETUL,Narmada,Narmada,22.21416667,77.95611111,2019-07-01,2025-12-31,2376,0.0,75.13,MP0622_HRGRH,Hirdagarh,Chhindwara,Godavari,Wainganga,22.13055555555555,78.52277777777778,440969334,6,91296.45913238276,59.087,0.1538,False,0.2789,5
Tenduni at Maheshwar,RAISEN,Narmada,Narmada,22.97916667,78.32083333,2019-06-01,2025-12-31,2406,0.0,70.86,MP1100_Nrngr,Noornagar,Raisen,Narmada,Tenduni,23.11138888888889,78.40277777777777,441050508,6,14617.204139428162,16.925,0.3448,True,0.6776,1
Tenduni at Maheshwar,RAISEN,Narmada,Narmada,22.97916667,78.32083333,2019-06-01,2025-12-31,2406,0.0,70.86,MP1100_Pangr,Panagar_Narsinghpur,Narsimhapur,Narmada,Dudhi,22.835277777777776,78.60333333333334,441043628,6,21128.049975171427,33.064,0.2105,True,0.5418,2
Tenduni at Maheshwar,RAISEN,Narmada,Narmada,22.97916667,78.32083333,2019-06-01,2025-12-31,2406,0.0,70.86,MP0220_Nmkhd,Neemkheda,Raisen,Ganga,Yamuna,23.27694444444445,77.68222222222222,441021618,6,52191.30697893914,73.218,0.3448,False,0.268,3
Tenduni at Maheshwar,RAISEN,Narmada,Narmada,22.97916667,78.32083333,2019-06-01,2025-12-31,2406,0.0,70.86,MP1100_Kmnkd,Kamankheda,Khandwa,Narmada,Kaveri,22.165,76.23333333333333,440928077,7,9885.832494857046,232.669,0.4,True,0.24,4
Tenduni at Maheshwar,RAISEN,Narmada,Narmada,22.97916667,78.32083333,2019-06-01,2025-12-31,2406,0.0,70.86,MP1100_Tamer,Temar_Jabalpur,Jabalpur,Narmada,Tamer,22.7,80.39166666666667,440932188,6,6856.1959421849615,214.469,0.3636,True,0.2273,5
kogaon,Khargone,Narmada,Narmada,22.10111111,75.68472222,2001-01-01,2025-12-31,8808,3.54,58.19,MP1100_Bmnla,Bamnalla_Khargone,Khargon,Narmada,Veda,21.834444444444443,75.83583333333333,440976241,7,39820.51257861692,33.497,0.3636,True,0.593,1
kogaon,Khargone,Narmada,Narmada,22.10111111,75.68472222,2001-01-01,2025-12-31,8808,3.54,58.19,MP1100_Thkri,Thikri,Khargon,Narmada,Narmada,22.06666666666666,75.48333333333332,440970738,7,10335.4121083296,21.101,0.1667,True,0.5923,2
kogaon,Khargone,Narmada,Narmada,22.10111111,75.68472222,2001-01-01,2025-12-31,8808,3.54,58.19,MP1100_Bhdli,Bhadli,Khargon,Narmada,Veda,21.850833333333327,75.60527777777777,440983121,7,37207.352799811175,29.01,0.1667,True,0.5488,3
kogaon,Khargone,Narmada,Narmada,22.10111111,75.68472222,2001-01-01,2025-12-31,8808,3.54,58.19,MP1100_Kmnkd,Kamankheda,Khandwa,Narmada,Kaveri,22.165,76.23333333333333,440928077,7,9885.832494857046,56.952,0.375,True,0.468,4
kogaon,Khargone,Narmada,Narmada,22.10111111,75.68472222,2001-01-01,2025-12-31,8808,3.54,58.19,MP1100_Gujri,Gujri,Dhar,Narmada,Karam,22.558333333333334,75.51666666666667,440983121,7,47214.50288495643,53.699,0.1818,True,0.4183,5
