station_code,forecast_station_name,forecast_district,forecast_river,forecast_tributary,forecast_latitude,forecast_longitude,linked_comid,streamorder,reach_link_distance_m
023MP01Vjpur,Bijaypur,Sheopur,Ganga,Yamuna,26.05,77.46666666666667,441116414,8,34720.228320648675
MP0211_Bdngr,Badnagar,Ujjain,Ganga,Yamuna,23.057777777777776,75.38722222222222,441003684,6,104886.98728563802
MP0212_Sindu,Sinduriya,Ratlam,Ganga,Yamuna,23.66083333333333,75.21555555555554,441003684,6,41578.69098614292
MP0213_Gurah,Guraha,Ujjain,Ganga,Yamuna,23.316944444444445,75.61916666666667,441003684,6,75306.21843259815
MP0213_Snwer,Sanwar,Indore,Ganga,Yamuna,22.98055555555556,75.82999999999998,440978990,7,93137.1424817381
MP0214_Mndsr,Mandsour,Mandsaur,Ganga,Yamuna,24.06833333333333,75.03083333333333,441050455,6,43742.30690449685
MP0215_Biora,Biora_C,Rajgarh,Ganga,Yamuna,23.92111111111111,77.9075,441039449,6,33970.07458815503
MP0215_Choma,Choma,Sajapur,Ganga,Yamuna,23.649166666666662,76.22277777777778,441049088,6,90500.29163190376
MP0215_Hargn,HarganKhedi _C,Shajapur,Ganga,Yamuna,23.61499999999999,76.1511111111111,441003684,6,85388.34430915157
MP0215_Pachr,Pachore,Rajgarh,Ganga,Yamuna,23.71,76.72972222222222,441106858,6,100457.13530412097
MP0215_Rajgr,Rajgarh,Rajgarh,Ganga,Yamuna,24.012500000000003,76.73972222222221,441106858,6,65373.91229756935
MP0215_Smskh,Samaskhedi,Dawas,Ganga,Yamuna,23.191666666666663,76.43388888888887,440948707,7,99756.09332826416
MP0215_Sonkh,Sonkatch _C,Dawas,Ganga,Yamuna,22.975277777777773,76.34194444444445,440980362,7,77186.50104248557
MP0216_Mankh,Manakhedi,Bhopal,Ganga,Yamuna,23.71,77.18444444444444,441039449,6,110531.16028013284
MP0216_Mksud,Maksudangar,Guna,Ganga,Yamuna,24.044722222222223,77.18027777777776,441106858,6,91926.81648890782
MP0216_Pilkh,Pillukhedi,Rajgarh,Ganga,Yamuna,23.45972222222222,77.075,440945950,7,105270.1782970173
MP0217_Seep,Seep Aquaduct_C,Morena,Ganga,Yamuna,25.677777777777777,76.6975,441185236,6,20285.82190699761
MP0218_Kuno,Kuno,Sheopur,Ganga,Yamuna,26.101666666666663,77.11555555555555,441164577,8,10038.649795052355
MP0220_Betwa,Betwa,Vidisha,Ganga,Yamuna,23.503888888888884,77.78777777777776,441021618,6,76677.5195919846
MP0220_Kurwi,Kurwai,Vidisha,Ganga,Yamuna,24.11888888888889,78.02833333333332,441039449,6,6671.768066839097
MP0220_Nmkhd,Neemkheda,Raisen,Ganga,Yamuna,23.27694444444445,77.68222222222222,441021618,6,52191.30697893914
MP0221_Kukhd,Kuakhedi,Vidisha,Ganga,Yamuna,23.549999999999997,77.56666666666665,441021618,6,87722.81839032288
MP0222_Bah,Bah,Vidisha,Ganga,Yamuna,23.704166666666666,77.68555555555554,441039449,6,69294.46228046897
MP0223_Saggr,Saggar,Vidisha,Ganga,Yamuna,23.912222222222223,77.65666666666665,441039449,6,53065.43126021206
MP0224_Udpur,Udaipura,Vidisha,Ganga,Yamuna,24.04611111111111,77.955,441039449,6,18031.983264285434
MP0225_Bishp,Bishanpur,Vidisha,Ganga,Yamuna,24.04611111111111,77.955,441039449,6,18031.983264285434
MP0226_Bina,Bina,Vidisha,Ganga,Yamuna,24.15972222222222,78.06805555555556,441039449,6,3639.5742400331233
MP0226_Rahtg,Rahatgarh,Sagar,Ganga,Yamuna,23.79833333333333,78.39805555555554,441039449,6,60687.70952696536
MP0227_GhatB,Ghatbamori,Guna,Ganga,Yamuna,24.249999999999996,77.93833333333333,441079352,6,12570.230252946809
MP0228_Mohnp,Mohanpur,Ashok Nagar,Ganga,Yamuna,24.829444444444444,78.0797222222222,441109595,6,10657.5390361081
MP0230_Budra,Budhara,Morena,Ganga,Yamuna,26.63611111111111,78.43499999999999,441170053,8,19101.4556885286
MP0230_Didi,Didi,Bhind,Ganga,Yamuna,26.60833333333333,78.825,441175562,8,12416.929748056122
MP0230_Dimni,Dimni,Morena,Ganga,Yamuna,26.6,78.16472222222224,441132907,8,12407.733033825823
MP0230_LMCAQ,LMC_AQ,Morena,Ganga,Yamuna,26.216666666666665,77.63333333333333,441123287,8,26373.051593072974
MP0230_Vjpur,Vijaypur,Sheopur,Ganga,Yamuna,26.05,77.38333333333334,441116414,8,29616.8582072506
MP0240_Amola,Amola,Shivpuri,Ganga,Yamuna,25.425,77.80833333333334,441075154,6,66319.50948934232
MP0240_BEGWN,Begwan,Shivpuri,Ganga,Yamuna,25.64583333333333,78.1,441075154,6,23953.36756626986
MP0240_Bhtgt,Behtaghat,Ashok Nagar,Ganga,Yamuna,24.65777777777777,77.48666666666666,441043571,6,78987.36067658139
MP0240_Gorgt,Goraghat,Gwalior,Ganga,Yamuna,25.83333333333333,78.33916666666667,441109553,6,2696.609768201175
MP0240_Khera,Khera,Bhind,Ganga,Yamuna,26.416666666666664,78.91666666666667,441145302,6,599.5988967237872
MP0241_Krera,Karera,Shivpuri,Ganga,Yamuna,25.5,78.16666666666666,441075154,6,35744.275842004325
MP0242_Daboh,Daboh,Datia,Ganga,Yamuna,25.866666666666667,78.79722222222222,441057254,6,29203.815084157137
MP0250_Dhasn,Dhasan,Tikamgarh,Ganga,Yamuna,24.667222222222215,79.28277777777778,441047687,6,61188.94359374923
MP0251_Kathn,Kathan,Chhatarpur,Ganga,Yamuna,24.65277777777777,79.29833333333333,441047687,6,59218.02982287053
MP0252_Bdhre,Budthare_UR,Tikamgarh,Ganga,Yamuna,25.045,79.19166666666666,441068294,6,69004.9580793255
MP0260_Pndwn,Pandwan,Panna,Ganga,Yamuna,24.408888888888885,79.92305555555555,441040815,6,13.509205205789678
MP0261_Nohta,Nohta,Damoh,Ganga,Yamuna,23.68638888888889,79.56666666666665,441072519,6,66042.05778192136
MP0262_Kopra,Kopra,Damoh,Ganga,Yamuna,23.941111111111116,79.41305555555554,441028435,6,66780.49876573481
MP0262_Niwri,Niwari,Sagar,Ganga,Yamuna,24.06611111111111,79.15694444444445,441028435,6,83203.47457570698
MP0262_Sonar,Sonar,Damoh,Ganga,Yamuna,24.007222222222214,79.40055555555556,441028435,6,62716.8498259291
MP0263_Tigra,Tigra,Panna,Ganga,Yamuna,24.295833333333327,79.96250000000002,441061458,6,8405.870043635941
MP0264_Mrhsn,Mirhasan,Panna,Ganga,Yamuna,24.1825,80.04027777777776,441061458,6,24379.09364680794
MP0270_Maihr,Maihar,Satna,Ganga,Tons,24.26166666666666,80.80611111111111,441040829,6,31684.389429457824
MP0270_Pthra,Patehera,Rewa,Ganga,Tons,24.925000000000004,81.40805555555555,441053171,6,41069.24350692594
MP0271_SnsrP,Sansarpur,Rewa,Ganga,Tons,24.740555555555552,81.4636111111111,441066959,6,45510.57034346316
MP0272_Khtkr,Khatkhari,Rewa,Ganga,Tons,24.72722222222222,81.80555555555556,441032556,6,33127.14052528362
MP0280_Jrwhi,Jarwahi,Sahodal,Ganga,Son,23.259444444444444,81.58527777777776,441080732,6,111875.41356920614
MP0280_Mrsbd,Marsiabad,Sahodal,Ganga,Son,23.764166666666668,81.19944444444444,441080732,6,42039.9901161604
MP0281_Kewai,Kewai,Anoopur,Ganga,Son,23.258333333333333,82.04444444444445,440985807,6,95288.10463177042
MP0282_Tipan,Tipan,Anoopur,Ganga,Son,23.016666666666666,81.725,440940447,6,107784.8144789028
MP0283_Kunuk,Kunuk,Sahodal,Ganga,Son,23.454166666666666,81.5875,441082108,6,90638.0489698812
MP0284_Chtwi,Chatwai,Sahodal,Ganga,Son,23.375,81.3361111111111,441080732,6,90587.39476957529
MP0285_Chndi,Choondi,Sahodal,Ganga,Son,23.65833333333333,81.54166666666666,441082108,6,66752.19441205189
MP0286_Amrpr,Amarpur,Umria,Ganga,Son,23.966666666666665,80.96666666666667,441040829,6,13749.84039125146
MP0286_Bhdra,Bhadora,Katni,Ganga,Son,23.868611111111107,80.65027777777777,441040829,6,46634.542990793954
MP0286_Ghtkw,Ghatkhirawa,Katni,Ganga,Son,23.870833333333334,80.42194444444443,441040829,6,69329.62585081163
MP0287_Odari,Odari,Sahodal,Ganga,Son,23.83333333333333,81.54166666666666,441090360,6,48209.19449367749
MP0288_Srjwn,Suhar_Jiyawan,Sidhi,Ganga,Son,24.27916666666666,82.27499999999999,441126121,6,30407.422218291264
MP0610_BLGHT,Balaghat,Balaghat,Godavari,Wainganga,21.80388888888889,80.16166666666666,440760233,6,20715.150243013453
MP0610_BNDOL,Bandol,Seoni,Godavari,Wainganga,22.23833333333333,79.5286111111111,440956950,6,86149.81216860679
MP0610_CHNDL,Chhindlai,Balaghat,Godavari,Wainganga,22.01833333333333,80.11083333333332,440760233,6,47039.29789818593
MP0610_DEGHT,Deoghat,Seoni,Godavari,Wainganga,22.385555555555555,79.81333333333333,440912919,6,53230.80136527721
MP0610_KHARI,Khairi,Balaghat,Godavari,Wainganga,21.54583333333333,79.97472222222223,440823533,6,588.4311506029227
MP0610_UGLI,Ugli,Seoni,Godavari,Wainganga,22.238611111111112,80.0875,440962463,6,52219.12764609669
MP0611_RTNPR,Ratanpur,Seoni,Godavari,Wainganga,22.18305555555555,79.96027777777778,440962463,6,66462.31729945733
MP0612_MNPUR,Manpur,Balaghat,Godavari,Wainganga,22.025,80.1525,440760233,6,47185.618457486766
MP0613_RMPLI,Rampaili,Balaghat,Godavari,Wainganga,21.76083333333333,80.0375,440840042,6,20170.546723478277
MP0614_MOHDA,Mohuda,Balaghat,Godavari,Wainganga,21.655555555555555,80.28611111111111,440760233,6,10971.496262375102
MP0615_KRNPR,Kiranapur,Balaghat,Godavari,Wainganga,21.59083333333333,80.36527777777778,440760233,6,20080.631148727203
MP0616_BONKT,Bonkatta,Balaghat,Godavari,Wainganga,21.59444444444445,79.75722222222221,440824909,6,19492.91077540773
MP0620_HRKHR,Hirankheri,Chhindwara,Godavari,Wainganga,21.962499999999995,79.1436111111111,440785017,6,83091.14737937962
MP0620_PLWRA,Palatwara,Chhindwara,Godavari,Wainganga,22.186111111111117,78.97694444444444,441036748,6,99905.34761386192
MP0621_CHAND,Chand,Chhindwara,Godavari,Wainganga,21.950277777777774,79.1247222222222,440785017,6,81726.82298504395
MP0622_BJGRA,Bijagora,Chhindwara,Godavari,Wainganga,21.981666666666666,78.61472222222223,440785017,6,105353.78793589726
MP0622_HRGRH,Hirdagarh,Chhindwara,Godavari,Wainganga,22.13055555555555,78.52277777777778,440969334,6,91296.45913238276
MP0622_RMKON,Ramakona,Chhindwara,Godavari,Wainganga,21.68722222222221,78.84944444444443,440785017,6,61431.08866785153
MP0623_JAM,Jam,Chhindwara,Godavari,Wainganga,21.57,78.73555555555555,440785017,6,60256.310800017054
MP0623_LDKDA,Lodhikheda,Chhindwara,Godavari,Wainganga,21.579166666666666,78.86611111111111,440785017,6,50175.54147903866
MP1000_DDNGR,Deo Dongri,Betul,Tapi,Tapi,21.68055555555556,78.15,440785017,6,123443.1736710054
MP1000_PALNG,Palinga,Betul,Tapi,Tapi,21.803611111111103,77.43305555555554,440988608,7,91401.8738920646
MP1000_TESKA,Teska,Betul,Tapi,Tapi,21.81583333333333,77.77444444444443,440987232,7,102260.13781900889
MP1001_BLKDN,Balkhedan,Betul,Tapi,Purna,21.4,77.67222222222222,440988608,7,144272.89507037407
MP1002_PNSML,Pansemal,Badwani,Tapi,Gomai,21.653888888888886,74.68416666666667,440822163,6,29554.598186886447
MP1100_Bhdli,Bhadli,Khargon,Narmada,Veda,21.850833333333327,75.60527777777777,440983121,7,37207.352799811175
MP1100_Bmhni,Bamhni_Mandla,Mandla,Narmada,Banjar,22.48333333333333,80.36666666666666,440962463,6,12335.25192320282
MP1100_Bmnla,Bamnalla_Khargone,Khargon,Narmada,Veda,21.834444444444443,75.83583333333333,440976241,7,39820.51257861692
MP1100_Brtla,Behratola_Mandla,Mandla,Narmada,Burhner,22.5425,80.87,440962463,6,56038.311650724536
MP1100_Dgnwa,Doganwa_Khargone,Khargon,Narmada,Veda,22.114722222222223,74.6686111111111,440985878,7,8465.050850924663
MP1100_Dhlsr,Dhulsar_Dhar,Dhar,Narmada,Uri,22.17083333333333,77.90833333333333,440928059,7,70754.84359814823
MP1100_Ghgri,Ghughari_Mandla,Mandla,Narmada,Burhner,22.67333333333333,80.72055555555553,440962463,6,40562.4483671878
MP1100_Gujri,Gujri,Dhar,Narmada,Karam,22.558333333333334,75.51666666666667,440983121,7,47214.50288495643
MP1100_Halon,Halon_Mandala,Mandla,Narmada,Burhner,22.39888888888888,80.79527777777778,440962463,6,52541.28072218832
MP1100_Khrni,Khirhani_Jabalpur,Jabalpur,Narmada,Heran,23.416666666666664,80.26666666666667,441045000,6,52723.02626335636
MP1100_Kmnkd,Kamankheda,Khandwa,Narmada,Kaveri,22.165,76.23333333333333,440928077,7,9885.832494857046
MP1100_Ktngi,Katangi_Jabalpur,Jabalpur,Narmada,Hiran,23.426666666666662,79.8175,441067015,6,35037.212388642554
MP1100_Kuksi,Kukshi,Dhar,Narmada,Uri,22.20777777777778,74.7836111111111,440970741,7,15516.84636951086
MP1100_Mergn,Meregaon_Jabalpur,Jabalpur,Narmada,Hiran,23.15805555555556,79.3861111111111,441069768,6,5404.338366277713
MP1100_Mocha,Mocha_Mandla,Mandla,Narmada,Banjar,22.3,80.46666666666665,440962463,6,36090.38781074412
MP1100_Nrngr,Noornagar,Raisen,Narmada,Tenduni,23.11138888888889,78.40277777777777,441050508,6,14617.204139428162
MP1100_Pangr,Panagar_Narsinghpur,Narsimhapur,Narmada,Dudhi,22.835277777777776,78.60333333333334,441043628,6,21128.049975171427
MP1100_Plsud,Palsud,Khargon,Narmada,Goi,21.837499999999995,74.97083333333332,440965237,7,29552.319797309792
MP1100_Sakka,Sakke_Mandla,Mandla,Narmada,Kharmer,22.9,80.89999999999999,440932188,6,67548.04520713889
MP1100_Sehra,Sihora_Jabalpur,Jabalpur,Narmada,Hiran,23.44055555555556,80.09055555555554,441045000,6,44226.15429169239
MP1100_Shahp,Shahpur,Betul,Narmada,Tawa,22.133333333333336,77.96666666666665,440928059,7,78037.83516687452
MP1100_Slwda,Saliwada_Jabalpur,Jabalpur,Narmada,Gour,23.11805555555556,80.01222222222222,441011977,6,7481.550363052474
MP1100_Strna,Satrana,Sehore,Narmada,Kolar,22.672222222222224,77.355,440940446,7,7963.290483636937
MP1100_Tamer,Temar_Jabalpur,Jabalpur,Narmada,Tamer,22.7,80.39166666666667,440932188,6,6856.1959421849615
MP1100_Thkri,Thikri,Khargon,Narmada,Narmada,22.06666666666666,75.48333333333332,440970738,7,10335.4121083296
MP1200_MAHI,MAHI,Dhar,Mahi,Mahi,23.038888888888884,75.01555555555555,441003763,7,112990.5370085268
MP1200_RNSGH,RaniSingh,Ratlam,Mahi,Mahi,23.15833333333333,74.91666666666666,441122033,6,104445.078273157
MP1201_ANTBL,Anterbeliya,Jhabua,Mahi,Anas,22.857777777777777,74.55138888888888,441022970,6,91793.96640494352
MP1201_MOD,Mod,Jhabua,Mahi,Anas,22.8125,74.5136111111111,440990006,7,91463.61153610313
MP1201_RMBHP,Rambhapur,Jhabua,Mahi,Anas,22.951666666666664,74.45111111111112,441022970,6,75897.51325810964
MP1202_DABRI,Dabri,Ratlam,Mahi,Undwa,23.175833333333333,74.93194444444444,441122033,6,104823.3751256282
MP1203_BMNYA,Bamnia,Jhabua,Mahi,Larki,23.09972222222222,74.78861111111111,441020217,6,95789.2202912762
MP1204_KNDPR,KUNDANPUR,Ratlam,Mahi,Telni,23.377777777777776,74.60666666666667,441122033,6,61305.44907870293
