station_code,forecast_station_name,forecast_district,forecast_river,cwc_station_name,cwc_district,cwc_river,cwc_basin,cwc_to_forecast_distance_km,name_similarity_score,linkage_score,linkage_confidence,auto_approved,linked_comid,streamorder,manual_approved,manual_cwc_station_name,review_status,review_notes
MP0623_LDKDA,Lodhikheda,Chhindwara,Godavari,Lodhikheda,CHHINDWARA,Godavari,Godavari,0.042,1.0,0.9998,High,True,440785017,6,True,Lodhikheda,High,
MP0622_RMKON,Ramakona,Chhindwara,Godavari,Ramakona,UMARIA,Godavari,Godavari,4.384,1.0,0.9759,High,True,440785017,6,True,Ramakona,High,
MP1100_Bmhni,Bamhni_Mandla,Mandla,Narmada,Bamni,MANDLA,Narmada,Narmada,1.016,0.5882,0.8503,High,True,440962463,6,True,Bamni,High,
MP1100_Bmhni,Bamhni_Mandla,Mandla,Narmada,Mandla,MANDLA,Narmada,Narmada,12.788,0.6667,0.813,High,True,440962463,6,True,Mandla,High,
MP1100_Thkri,Thikri,Khargon,Narmada,Borad at Thikri,BARWANI,Narmada,Narmada,8.208,0.5714,0.8049,High,True,440970738,7,True,Borad at Thikri,High,
MP1100_Shahp,Shahpur,Betul,Narmada,Machna at Shahpur,BETUL,Narmada,Narmada,9.804,0.5833,0.8002,High,True,440928059,7,True,Machna at Shahpur,High,
MP1100_Pangr,Panagar_Narsinghpur,Narsimhapur,Narmada,Dudhi at Panagar,NARSIMHAPUR,Narmada,Narmada,0.194,0.4118,0.7931,Moderate,True,441043628,6,True,Dudhi at Panagar,Moderate,
MP0610_DEGHT,Deoghat,Seoni,Godavari,Keolari,SEONI,Godavari,Godavari,8.894,0.4286,0.7511,Moderate,True,440912919,6,True,Keolari,Moderate,
MP1100_Strna,Satrana,Sehore,Narmada,Kolar at Mahgaon,SEHORE,Narmada,Narmada,4.747,0.3478,0.7456,Moderate,True,440940446,7,True,Kolar at Mahgaon,Moderate,
MP0612_MNPUR,Manpur,Balaghat,Godavari,Magardharra,BALAGHAT,Godavari,Godavari,8.895,0.3529,0.7246,Moderate,True,440760233,6,True,Magardharra,Moderate,
MP1100_Bmhni,Bamhni_Mandla,Mandla,Narmada,Matiyari at Katangatola,MANDLA,Narmada,Narmada,5.613,0.2857,0.7191,Moderate,True,440962463,6,True,Matiyari at Katangatola,Moderate,
MP0621_CHAND,Chand,Chhindwara,Godavari,Chhinda,CHHINDWARA,Godavari,Godavari,30.216,0.6667,0.7171,Moderate,True,440785017,6,True,Chhinda,Moderate,
MP1100_Ktngi,Katangi_Jabalpur,Jabalpur,Narmada,Hiran at Singaldeep,JABALPUR,Narmada,Narmada,10.355,0.3529,0.7166,Moderate,True,441067015,6,True,Hiran at Singaldeep,Moderate,
MP1100_Bmnla,Bamnalla_Khargone,Khargon,Narmada,Beda at Satwadi(Gogawa),Khargone,Narmada,Narmada,12.96,0.3784,0.7112,Moderate,True,440976241,7,True,Beda at Satwadi(Gogawa),Moderate,
MP0615_KRNPR,Kiranapur,Balaghat,Godavari,Rajegaon,BALAGHAT,Godavari,Godavari,12.143,0.3529,0.7067,Moderate,True,440760233,6,True,Rajegaon,Moderate,
MP1100_Slwda,Saliwada_Jabalpur,Jabalpur,Narmada,Gaur at Bhalawara,JABALPUR,Narmada,Narmada,2.647,0.1818,0.6991,Moderate,True,441011977,6,True,Gaur at Bhalawara,Moderate,
MP0610_BNDOL,Bandol,Seoni,Godavari,Bakhari,SEONI,Godavari,Godavari,11.45,0.3077,0.6947,Moderate,True,440956950,6,True,Bakhari,Moderate,
MP0610_BLGHT,Balaghat,Balaghat,Godavari,Kumhari,BALAGHAT,Godavari,Godavari,9.067,0.2667,0.6935,Moderate,True,440760233,6,True,Kumhari,Moderate,
MP0621_CHAND,Chand,Chhindwara,Godavari,Kokiwada,CHHINDWARA,Godavari,Godavari,12.735,0.3077,0.6876,Moderate,True,440785017,6,True,Kokiwada,Moderate,
MP1100_Kmnkd,Kamankheda,Khandwa,Narmada,Kaner at Mendhikheda,Khargone,Narmada,Narmada,27.125,0.5333,0.6875,Moderate,True,440928077,7,True,Kaner at Mendhikheda,Moderate,
MP1100_Strna,Satrana,Sehore,Narmada,Sip at Dholpur,SEHORE,Narmada,Narmada,17.9,0.381,0.6849,Moderate,True,440940446,7,True,Sip at Dholpur,Moderate,
MP0623_LDKDA,Lodhikheda,Chhindwara,Godavari,Bichhubaggu,CHHINDWARA,Godavari,Godavari,12.636,0.2857,0.6805,Moderate,True,440785017,6,True,Bichhubaggu,Moderate,
MP1100_Ktngi,Katangi_Jabalpur,Jabalpur,Narmada,Patan,JABALPUR,Narmada,Narmada,20.321,0.4,0.6782,Moderate,True,441067015,6,True,Patan,Moderate,
MP1100_Thkri,Thikri,Khargon,Narmada,Karam at Dahiwar,DHAR,Narmada,Narmada,18.045,0.3636,0.678,Moderate,True,440970738,7,True,Karam at Dahiwar,Moderate,
MP1100_Nrngr,Noornagar,Raisen,Narmada,Tenduni at Maheshwar,RAISEN,Narmada,Narmada,16.925,0.3448,0.6776,Moderate,True,441050508,6,True,Tenduni at Maheshwar,Moderate,
MP1100_Khrni,Khirhani_Jabalpur,Jabalpur,Narmada,Belkund at Ghughra,JABALPUR,Narmada,Narmada,10.559,0.2353,0.6743,Moderate,True,441045000,6,True,Belkund at Ghughra,Moderate,
MP1100_Ghgri,Ghughari_Mandla,Mandla,Narmada,Mohgaon,MANDLA,Narmada,Narmada,14.326,0.2857,0.6712,Moderate,True,440962463,6,True,Mohgaon,Moderate,
MP1100_Kuksi,Kukshi,Dhar,Narmada,Dhulsar,DHAR,Narmada,Narmada,6.987,0.1538,0.6654,Moderate,True,440970741,7,True,Dhulsar,Moderate,
MP1100_Dhlsr,Dhulsar_Dhar,Dhar,Narmada,Tawa at Tawakathi,BETUL,Narmada,Narmada,6.886,0.1429,0.6621,Moderate,True,440928059,7,True,Tawa at Tawakathi,Moderate,
MP1100_Pangr,Panagar_Narsinghpur,Narsimhapur,Narmada,Gadarwara,NARSIMHAPUR,Narmada,Narmada,21.434,0.3704,0.6617,Moderate,True,441043628,6,True,Gadarwara,Moderate,
MP1100_Tamer,Temar_Jabalpur,Jabalpur,Narmada,Manot,MANDLA,Narmada,Narmada,13.073,0.2222,0.6559,Moderate,True,440932188,6,True,Manot,Moderate,
MP1100_Thkri,Thikri,Khargon,Narmada,Deb at Khajuri,BARWANI,Narmada,Narmada,25.577,0.4,0.6493,Needs Review,False,440970738,7,False,Deb at Khajuri,Needs Review,
MP1100_Plsud,Palsud,Khargon,Narmada,Pati,BARWANI,Narmada,Narmada,26.041,0.4,0.6468,Needs Review,False,440965237,7,False,Pati,Needs Review,
MP1100_Strna,Satrana,Sehore,Narmada,Indra at Khapriya,HOSHANGABAD,Narmada,Narmada,17.112,0.25,0.6434,Needs Review,False,440940446,7,False,Indra at Khapriya,Needs Review,
MP1204_KNDPR,KUNDANPUR,Ratlam,Mahi,Mataji,RATLAM,Mahi,Mahi,11.791,0.1333,0.6318,Needs Review,False,441122033,6,False,Mataji,Needs Review,
MP1100_Sakka,Sakke_Mandla,Mandla,Narmada,Dindori,DINDORI,Narmada,Narmada,18.802,0.2222,0.6244,Needs Review,False,440932188,6,False,Dindori,Needs Review,
MP1100_Strna,Satrana,Sehore,Narmada,Hathed at Misrod,HOSHANGABAD,Narmada,Narmada,21.309,0.2609,0.6241,Needs Review,False,440940446,7,False,Hathed at Misrod,Needs Review,
MP1100_Mergn,Meregaon_Jabalpur,Jabalpur,Narmada,Machrewa at Bakori,NARSIMHAPUR,Narmada,Narmada,34.966,0.4706,0.6224,Needs Review,False,441069768,6,False,Machrewa at Bakori,Needs Review,
MP1100_Nrngr,Noornagar,Raisen,Narmada,Sandia,HOSHANGABAD,Narmada,Narmada,22.439,0.2667,0.6199,Needs Review,False,441050508,6,False,Sandia,Needs Review,
MP1100_Mergn,Meregaon_Jabalpur,Jabalpur,Narmada,Saner at Chargawan,JABALPUR,Narmada,Narmada,24.707,0.2941,0.6171,Needs Review,False,441069768,6,False,Saner at Chargawan,Needs Review,
MP1100_Kmnkd,Kamankheda,Khandwa,Narmada,Mortakka,Khandwa,Narmada,Narmada,20.548,0.2222,0.6148,Needs Review,False,440928077,7,False,Mortakka,Needs Review,
MP1100_Thkri,Thikri,Khargon,Narmada,Mandleshwar,Khargone,Narmada,Narmada,21.718,0.2353,0.6129,Needs Review,False,440970738,7,False,Mandleshwar,Needs Review,
MP1100_Bmnla,Bamnalla_Khargone,Khargon,Narmada,kogaon,Khargone,Narmada,Narmada,33.497,0.3636,0.593,Needs Review,False,440976241,7,False,kogaon,Needs Review,
MP1100_Kmnkd,Kamankheda,Khandwa,Narmada,Choral at Barwah,Khargone,Narmada,Narmada,20.802,0.1538,0.5894,Needs Review,False,440928077,7,False,Choral at Barwah,Needs Review,
MP1100_Pangr,Panagar_Narsinghpur,Narsimhapur,Narmada,Denwa at Matkuli,HOSHANGABAD,Narmada,Narmada,31.447,0.2941,0.58,Needs Review,False,441043628,6,False,Denwa at Matkuli,Needs Review,
MP1100_Strna,Satrana,Sehore,Narmada,Handia,HARDA,Narmada,Narmada,42.198,0.4615,0.5795,Needs Review,False,440940446,7,False,Handia,Needs Review,
MP1100_Mergn,Meregaon_Jabalpur,Jabalpur,Narmada,Sher at Kacchara,NARSIMHAPUR,Narmada,Narmada,37.905,0.375,0.5728,Needs Review,False,441069768,6,False,Sher at Kacchara,Needs Review,
MP1100_Strna,Satrana,Sehore,Narmada,Chhidgaon,HARDA,Narmada,Narmada,29.98,0.25,0.5726,Needs Review,False,440940446,7,False,Chhidgaon,Needs Review,
MP1100_Kmnkd,Kamankheda,Khandwa,Narmada,Abna at Khandwa,Khandwa,Narmada,Narmada,40.24,0.4,0.5687,Needs Review,False,440928077,7,False,Abna at Khandwa,Needs Review,
MP1100_Mergn,Meregaon_Jabalpur,Jabalpur,Narmada,Belkhedi,NARSIMHAPUR,Narmada,Narmada,25.91,0.1667,0.5658,Needs Review,False,441069768,6,False,Belkhedi,Needs Review,
MP1100_Strna,Satrana,Sehore,Narmada,Jamner at Sandalpur,DEWAS,Narmada,Narmada,40.757,0.3846,0.5604,Needs Review,False,440940446,7,False,Jamner at Sandalpur,Needs Review,
MP1100_Kmnkd,Kamankheda,Khandwa,Narmada,Bhamgarh,Khandwa,Narmada,Narmada,45.334,0.4444,0.5562,Needs Review,False,440928077,7,False,Bhamgarh,Needs Review,
MP1100_Sakka,Sakke_Mandla,Mandla,Narmada,Silgi at Kotrai,DINDORI,Narmada,Narmada,32.531,0.2308,0.5519,Needs Review,False,440932188,6,False,Silgi at Kotrai,Needs Review,
MP1100_Mocha,Mocha_Mandla,Mandla,Narmada,Mukki,BALAGHAT,Narmada,Narmada,26.446,0.125,0.5483,Needs Review,False,440962463,6,False,Mukki,Needs Review,
MP1100_Pangr,Panagar_Narsinghpur,Narsimhapur,Narmada,Barmanghat,NARSIMHAPUR,Narmada,Narmada,47.497,0.4286,0.5388,Needs Review,False,441043628,6,False,Barmanghat,Needs Review,
MP1100_Pangr,Panagar_Narsinghpur,Narsimhapur,Narmada,Palakmati at Sohagpur,HOSHANGABAD,Narmada,Narmada,43.989,0.359,0.5337,Needs Review,False,441043628,6,False,Palakmati at Sohagpur,Needs Review,
MP1100_Strna,Satrana,Sehore,Narmada,Narmadapuram,HOSHANGABAD,Narmada,Narmada,39.9,0.2105,0.5042,Needs Review,False,440940446,7,False,Narmadapuram,Needs Review,
MP1100_Plsud,Palsud,Khargon,Narmada,Maan at Gopalpura,DHAR,Narmada,Narmada,49.045,0.3478,0.502,Needs Review,False,440965237,7,False,Maan at Gopalpura,Needs Review,
MP1100_Sakka,Sakke_Mandla,Mandla,Narmada,Chakrar at Gadasarai,DINDORI,Narmada,Narmada,44.252,0.2581,0.4969,Needs Review,False,440932188,6,False,Chakrar at Gadasarai,Needs Review,
MP1100_Strna,Satrana,Sehore,Narmada,Machak at Barangi,HARDA,Narmada,Narmada,65.866,0.4167,0.4336,Needs Review,False,440940446,7,False,Machak at Barangi,Needs Review,
MP1100_Kmnkd,Kamankheda,Khandwa,Narmada,Kalimachak at Charuwa,HARDA,Narmada,Narmada,70.894,0.3871,0.3956,Needs Review,False,440928077,7,False,Kalimachak at Charuwa,Needs Review,
MP1100_Strna,Satrana,Sehore,Narmada,Datuni at Dudwas,DEWAS,Narmada,Narmada,69.417,0.3478,0.3899,Needs Review,False,440940446,7,False,Datuni at Dudwas,Needs Review,
MP1000_PALNG,Palinga,Betul,Tapi,DEDTALAI,Khandwa,Tapi,Tapi,76.954,0.4,0.3668,Needs Review,False,440988608,7,False,DEDTALAI,Needs Review,
MP1100_Bmnla,Bamnalla_Khargone,Khargon,Narmada,Tapi at Burhanpur,BURHANPUR,Narmada,Narmada,72.441,0.303,0.3576,Needs Review,False,440976241,7,False,Tapi at Burhanpur,Needs Review,
MP0270_Pthra,Patehera,Rewa,Ganga,Chitrakoot,SATNA,Yamuna,Yamuna Basin,60.756,0.3333,0.3325,Needs Review,False,441053171,6,False,Chitrakoot,Needs Review,
MP1100_Kmnkd,Kamankheda,Khandwa,Narmada,Tapi at Dedtalai,BURHANPUR,Narmada,Narmada,90.506,0.3846,0.2868,Needs Review,False,440928077,7,False,Tapi at Dedtalai,Needs Review,
MP0225_Bishp,Bishanpur,Vidisha,Ganga,BURHANPUR,RAJGARH,Tapi,Tapi,352.773,0.7778,0.2722,Needs Review,False,441039449,6,False,BURHANPUR,Needs Review,
