pdf_name,parsed_folder,action,report_date,report_time,river_rows,reservoir_rows,gate_rows,valid,reason
MPWRD_Flood_Report_16-06-26_12PM.pdf,parsed_16-06-26_12PM,covered_existing_slot,2026-06-16,12:00:00,40,216,54,True,date/time slot already covered by parsed_16-06-26_12PM
MPWRD_Flood_Report_17-06-26 .pdf,parsed_MPWRD_Flood_Report_17-06-26_,existing,2026-06-17,12:00:00,40,216,53,True,valid
MPWRD_Flood_Report_18-06-26 8am.pdf,parsed_18-06-26_8AM,covered_existing_slot,2026-06-18,08:00:00,30,162,52,True,date/time slot already covered by parsed_18-06-26_8AM
MPWRD_Flood_Report_18-06-26 12PM.pdf,parsed_MPWRD_Flood_Report_18-06-26_12PM,existing,2026-06-18,12:00:00,40,216,52,True,valid
MPWRD_Flood_Report_19-06-26 8AM.pdf,parsed_MPWRD_Flood_Report_19-06-26_8AM,existing,2026-06-19,08:00:00,30,162,52,True,valid
MPWRD_Flood_Report_20-06-26 8AM.pdf,parsed_MPWRD_Flood_Report_20-06-26_8AM,existing,2026-06-20,08:00:00,30,162,52,True,valid
MPWRD_Flood_Report_21-06-26 8 AM.pdf,parsed_MPWRD_Flood_Report_21-06-26_8_AM,existing,2026-06-21,08:00:00,30,162,52,True,valid
MPWRD_Flood_Report_22-06-26  8AM - .pdf,parsed_MPWRD_Flood_Report_22-06-26__8AM_-_,existing,2026-06-22,08:00:00,30,162,52,True,valid
MPWRD_Flood_Report_23-06-26  8AM .pdf,parsed_MPWRD_Flood_Report_23-06-26__8AM_,existing,2026-06-23,08:00:00,30,162,52,True,valid
MPWRD Flood Report 24-06-26 8AM.pdf,parsed_MPWRD_Flood_Report_24-06-26_8AM,existing,2026-06-24,08:00:00,30,162,54,True,valid
MPWRD_Flood_Report_25-06-26  8 AM.pdf,parsed_MPWRD_Flood_Report_25-06-26__8_AM,existing,2026-06-25,08:00:00,30,162,54,True,valid
MPWRD_Flood_Report_26-06-26 8AM.pdf,parsed_MPWRD_Flood_Report_26-06-26_8AM,existing,2026-06-26,08:00:00,30,162,53,True,valid
MPWRD_Flood_Report_27-06-26 8 Am.pdf,parsed_MPWRD_Flood_Report_27-06-26_8_Am,existing,2026-06-27,08:00:00,30,162,0,True,valid
MPWRD_Flood_Report_28-06-26 8 AM .pdf,parsed_MPWRD_Flood_Report_28-06-26_8_AM_,existing,2026-06-28,08:00:00,30,162,53,True,valid
MPWRD_Flood_Report_29-06-2026 8 AM.pdf,parsed_MPWRD_Flood_Report_29-06-2026_8_AM,existing,2026-06-29,08:00:00,30,162,54,True,valid
MPWRD_Flood_Report_30-06-2026 8 AM.pdf,parsed_MPWRD_Flood_Report_30-06-2026_8_AM,existing,2026-06-30,08:00:00,30,162,54,True,valid
MPWRD Flood Report 1-07-2026 8 AM_094949.pdf,parsed_MPWRD_Flood_Report_01-07-2026_8_AM,covered_existing_slot,2026-07-01,08:00:00,30,162,54,True,date/time slot already covered by parsed_MPWRD_Flood_Report_01-07-2026_8_AM
MPWRD_Flood_Report_02-07-2026 8 AM.pdf,parsed_MPWRD_Flood_Report_02-07-2026_8_AM,existing,2026-07-02,08:00:00,30,162,54,True,valid
MPWRD_Flood_Report_03-07-2026 8 AM.pdf,parsed_MPWRD_Flood_Report_03-07-2026_8_AM,existing,2026-07-03,08:00:00,30,162,54,True,valid
MPWRD_Flood_Report_04-07-2026 8AM.pdf,parsed_MPWRD_Flood_Report_04-07-2026_8AM,existing,2026-07-04,08:00:00,30,162,54,True,valid
MPWRD_Flood_Report_05-07-2026 8AM.pdf,parsed_MPWRD_Flood_Report_05-07-2026_8AM,existing,2026-07-05,08:00:00,30,162,54,True,valid
MPWRD Flood Report 6-07-26 8AM.pdf,parsed_MPWRD_Flood_Report_6-07-26_8AM,existing,2026-07-06,08:00:00,30,162,54,True,valid
MPWRD_Flood_Report_07-07-2026 8AM.pdf,parsed_MPWRD_Flood_Report_07-07-2026_8AM,existing,2026-07-07,08:00:00,30,162,54,True,valid
MPWRD_Flood_Report_08-07-2026 8 AM.pdf,parsed_MPWRD_Flood_Report_08-07-2026_8_AM,existing,2026-07-08,08:00:00,30,162,54,True,valid
MPWRD_Flood_Report_09-07-2026 8AM.pdf,parsed_MPWRD_Flood_Report_09-07-2026_8AM,existing,2026-07-09,08:00:00,30,162,54,True,valid
MPWRD_Flood_Report_10-07-2026 8AM.pdf,parsed_MPWRD_Flood_Report_10-07-2026_8AM,existing,2026-07-10,08:00:00,30,162,53,True,valid
MPWRD_Flood_Report_11-07-2026 8AM.pdf,parsed_MPWRD_Flood_Report_11-07-2026_8AM,existing,2026-07-11,08:00:00,30,162,53,True,valid
MPWRD_Flood_Report_12-07-2026 8AM.pdf,parsed_MPWRD_Flood_Report_12-07-2026_8AM,existing,2026-07-12,08:00:00,30,162,53,True,valid
MPWRD_Flood_Report_13-07-26 8 Am.pdf,parsed_MPWRD_Flood_Report_13-07-26_8_Am,existing,2026-07-13,08:00:00,30,162,53,True,valid
MPWRD_Flood_Report_14-07-26 8 AM.pdf,parsed_MPWRD_Flood_Report_14-07-26_8_AM,existing,2026-07-14,08:00:00,30,162,53,True,valid
MPWRD_Flood_Report_15-07-26 8 AM.pdf,parsed_MPWRD_Flood_Report_15-07-26_8_AM,existing,2026-07-15,08:00:00,30,162,53,True,valid
MPWRD_Flood_Report_16-07-26 8 AM.pdf,parsed_MPWRD_Flood_Report_16-07-26_8_AM,existing,2026-07-16,08:00:00,30,162,54,True,valid
MPWRD_Flood_Report_17-07-26 8 AM.pdf,parsed_MPWRD_Flood_Report_17-07-26_8_AM,existing,2026-07-17,08:00:00,30,162,54,True,valid
MPWRD_Flood_Report_18-07-26  8AM.pdf,parsed_MPWRD_Flood_Report_18-07-26__8AM,existing,2026-07-18,08:00:00,30,162,53,True,valid
MPWRD_Flood_Report_19-07-26 8am  .pdf,parsed_MPWRD_Flood_Report_19-07-26_8am__,existing,2026-07-19,08:00:00,30,162,53,True,valid
MPWRD Flood Report 20-07-2026 8 AM.pdf,parsed_MPWRD_Flood_Report_20-07-2026_8_AM,existing,2026-07-20,08:00:00,30,162,53,True,valid
MPWRD_Flood _Report _21-07-2026 8 AM.pdf,parsed_MPWRD_Flood__Report__21-07-2026_8_AM,existing,2026-07-21,08:00:00,30,162,53,True,valid
MPWRD_Flood _Report _22-07-2026 8 am.pdf,parsed_MPWRD_Flood__Report__22-07-2026_8_am,existing,2026-07-22,08:00:00,30,162,53,True,valid
MPWRD_Flood _Report _23-07-2026 8 AM.pdf,parsed_MPWRD_Flood__Report__23-07-2026_8_AM,existing,2026-07-23,08:00:00,30,162,53,True,valid
MPWRD_Flood _Report _24-07-2026 8 AM.pdf,parsed_MPWRD_Flood__Report__24-07-2026_8_AM,existing,2026-07-24,08:00:00,30,162,53,True,valid
MPWRD_Flood _Report _25-07-2026 8AM.pdf,parsed_MPWRD_Flood__Report__25-07-2026_8AM,existing,2026-07-25,08:00:00,30,162,52,True,valid
MPWRD_Flood _Report _26-07-2026 8 AM.pdf,parsed_MPWRD_Flood__Report__26-07-2026_8_AM,existing,2026-07-26,08:00:00,30,162,53,True,valid
MPWRD_Flood_Report_27-07-2026 8am.pdf,parsed_MPWRD_Flood_Report_27-07-2026_8am,existing,2026-07-27,08:00:00,30,162,53,True,valid
MPWRD_Flood_Report_28-07-2026 8AM.pdf,parsed_MPWRD_Flood_Report_28-07-2026_8AM,existing,2026-07-28,08:00:00,30,162,53,True,valid
MPWRD_Flood_Report_29-07-2026 8 AM.pdf,parsed_MPWRD_Flood_Report_29-07-2026_8_AM,parsed,2026-07-29,08:00:00,30,162,52,True,valid
MPWRD_Flood_Report_30-07-26 8AM report.pdf,parsed_MPWRD_Flood_Report_30-07-26_8AM_report,parsed,2026-07-30,08:00:00,30,162,54,True,valid
MPWRD_Flood_Report_31-07-26 8AM report.pdf,parsed_MPWRD_Flood_Report_31-07-26_8AM_report,parsed,2026-07-31,08:00:00,30,162,54,True,valid
MPWRD_Flood_Report_01-08-26 8AM.pdf,parsed_MPWRD_Flood_Report_01-08-26_8AM,parsed,2026-08-01,08:00:00,30,162,51,True,valid
MPWRD_Flood_Report_02-08-2026 8 AM.pdf,parsed_MPWRD_Flood_Report_02-08-2026_8_AM,parsed,2026-08-02,08:00:00,30,159,52,True,valid
MPWRD_Flood_Report_8AM_03-08-2026 .pdf,parsed_MPWRD_Flood_Report_8AM_03-08-2026_,parsed,2026-08-03,08:00:00,30,159,52,True,valid
MPWRD_Flood_Report_04-08-2026 08 AM report .pdf,parsed_MPWRD_Flood_Report_04-08-2026_08_AM_report_,parsed,2026-08-04,08:00:00,30,162,53,True,valid
MPWRD_Flood_Report_06-08-2026 8 AM.pdf,parsed_MPWRD_Flood_Report_06-08-2026_8_AM,parsed,2026-08-06,08:00:00,30,162,54,True,valid
MPWRD_Flood_Report_8PM_09-08-2026.pdf,parsed_MPWRD_Flood_Report_8PM_09-08-2026,parsed,2026-08-09,20:00:00,30,162,54,True,valid
MPWRD_Flood_Report_8AM_10-08-2026-1.pdf,parsed_MPWRD_Flood_Report_8AM_10-08-2026-1,parsed,2026-08-10,08:00:00,30,162,54,True,valid
